id,filename_original,filename_webp,filename_thumbnail,categoria,subcategoria,lugar,descripcion,alt_text,width,height,format,size_bytes,sha256,phash,autor,licencia,licencia_url,fuente,url_pagina,url_directa,fecha_descarga,estado_uso,notas
gandia-ciudad-01,gandia-ciudad-01.png,gandia-ciudad-01.webp,gandia-ciudad-01-thumb.webp,01-ciudad,ciudad,Gandia,Vista de la ciudad de Gandia.,Vista de la ciudad de Gandia.,9158,2048,PNG,26142,96583728f57491bb071da9ea3af66673b4c6860280a7b9437d46bdb652945fb5,906767989863e74e,PengualaHeadphones,CC0 1.0,https://creativecommons.org/publicdomain/zero/1.0/deed.en/,Openverse/wikimedia,https://commons.wikimedia.org/w/index.php?curid=156992017,https://upload.wikimedia.org/wikipedia/commons/3/33/Scout_Gandia_Street_%28Quezon_City%29_Sign.png,2026-07-15,aprobada,featured
gandia-ciudad-02,gandia-ciudad-02.jpg,gandia-ciudad-02.webp,gandia-ciudad-02-thumb.webp,01-ciudad,calle,Gandia,Vista de la ciudad de Gandia.,Vista de la ciudad de Gandia.,4608,3072,JPEG,271318,e3b68c77d72b25993a20ddb3c21b7a50d499bbc366bfdb17967bd927858b36eb,a8b1d76a97329368,Joanbanjo,CC BY SA 4.0,https://creativecommons.org/licenses/by-sa/4.0/,Openverse/wikimedia,https://commons.wikimedia.org/w/index.php?curid=193761953,https://upload.wikimedia.org/wikipedia/commons/f/f7/Edifici_del_carrer_de_la_Ribera_Baixa%2C_Gandia.jpg,2026-07-15,aprobada,
gandia-ciudad-03,gandia-ciudad-03.jpg,gandia-ciudad-03.webp,gandia-ciudad-03-thumb.webp,01-ciudad,calle,Gandia,Vista de la ciudad de Gandia.,Vista de la ciudad de Gandia.,4608,3072,JPEG,169550,b53da3bdc1f6e7b8294de6d480caa7f1e813b8487a5febe6f66f7bc9ffe13a65,d2d46d296a9335c9,Joanbanjo,CC BY SA 4.0,https://creativecommons.org/licenses/by-sa/4.0/,Openverse/wikimedia,https://commons.wikimedia.org/w/index.php?curid=118129648,https://upload.wikimedia.org/wikipedia/commons/6/6a/SaforBici_al_carrer_de_sant_Francesc_de_Borja%2C_Gandia.jpg,2026-07-15,aprobada,
gandia-ciudad-04,gandia-ciudad-04.jpg,gandia-ciudad-04.webp,gandia-ciudad-04-thumb.webp,01-ciudad,calle,Gandia,Vista de la ciudad de Gandia.,Vista de la ciudad de Gandia.,4554,3072,JPEG,120392,0df74ba2a3fd726d7320457d8f35f9e2bcb21841149767f099ca38b6aa47b169,f69b8e8d29a63183,Joanbanjo,CC BY SA 4.0,https://creativecommons.org/licenses/by-sa/4.0/,Openverse/wikimedia,https://commons.wikimedia.org/w/index.php?curid=193761781,https://upload.wikimedia.org/wikipedia/commons/3/37/Senyal_d%27stop_al_carrer_del_Maestrat%2C_Gandia.jpg,2026-07-15,aprobada,
gandia-ciudad-05,gandia-ciudad-05.jpg,gandia-ciudad-05.webp,gandia-ciudad-05-thumb.webp,01-ciudad,calle,Gandia,Vista de la ciudad de Gandia.,Vista de la ciudad de Gandia.,4552,3071,JPEG,441644,100b853ba13aa0f27433ae8df006d9b2b9952ff0ce33e0a994933437fc4bde57,aefc45cea949d80c,Joanbanjo,CC BY SA 4.0,https://creativecommons.org/licenses/by-sa/4.0/,Openverse/wikimedia,https://commons.wikimedia.org/w/index.php?curid=68123439,https://upload.wikimedia.org/wikipedia/commons/d/d2/Balcons_al_carrer_d%27Alexandre_VI_de_Gandia.jpg,2026-07-15,aprobada,
gandia-ciudad-06,gandia-ciudad-06.jpg,gandia-ciudad-06.webp,gandia-ciudad-06-thumb.webp,01-ciudad,calle,Gandia,Vista de la ciudad de Gandia.,Vista de la ciudad de Gandia.,4552,3060,JPEG,485516,4fc27fa2be7d33c5ceb959300f7253f196512071bf9f5caad257ebefc2518b70,eba196ae299388ae,Joanbanjo,CC BY SA 4.0,https://creativecommons.org/licenses/by-sa/4.0/,Openverse/wikimedia,https://commons.wikimedia.org/w/index.php?curid=109303272,https://upload.wikimedia.org/wikipedia/commons/6/62/Bicicleta_al_carrer_dels_Arcs%2C_Gandia.jpg,2026-07-15,aprobada,
gandia-ciudad-07,gandia-ciudad-07.jpg,gandia-ciudad-07.webp,gandia-ciudad-07-thumb.webp,01-ciudad,calle,Gandia,Vista de la ciudad de Gandia.,Vista de la ciudad de Gandia.,4528,3072,JPEG,602388,755125331236fdcf63872003656fa54934182d7d11b26bebaaf3c8014c85d68c,b4d2c26dcc763127,Joanbanjo,CC BY SA 4.0,https://creativecommons.org/licenses/by-sa/4.0/,Openverse/wikimedia,https://commons.wikimedia.org/w/index.php?curid=107486076,https://upload.wikimedia.org/wikipedia/commons/9/92/Boca_de_clavegueram_al_carrer_de_les_Carmelites%2C_Gandia.jpg,2026-07-15,aprobada,
gandia-ciudad-08,gandia-ciudad-08.jpg,gandia-ciudad-08.webp,gandia-ciudad-08-thumb.webp,01-ciudad,calle,Gandia,Vista de la ciudad de Gandia.,Vista de la ciudad de Gandia.,4502,3072,JPEG,396480,1513b96045b7559b2c78fba3eb55f4da5ec9bf1eca474d6a9a4cf64129ba548c,82cba849bc62bd4f,Joanbanjo,CC BY SA 4.0,https://creativecommons.org/licenses/by-sa/4.0/,Openverse/wikimedia,https://commons.wikimedia.org/w/index.php?curid=124623539,https://upload.wikimedia.org/wikipedia/commons/6/6c/Font_al_carrer_Loreto%2C_Gandia.jpg,2026-07-15,aprobada,
gandia-ciudad-09,gandia-ciudad-09.jpg,gandia-ciudad-09.webp,gandia-ciudad-09-thumb.webp,01-ciudad,calle,Gandia,Vista de la ciudad de Gandia.,Vista de la ciudad de Gandia.,4490,3070,JPEG,505132,09a5dd65da66dc3c2b3ffe973260a4633f2057b019c0de5d1181225810880a6e,fa2b82c04d9f9d38,Joanbanjo,CC BY SA 3.0,https://creativecommons.org/licenses/by-sa/3.0/,Openverse/wikimedia,https://commons.wikimedia.org/w/index.php?curid=26744556,https://upload.wikimedia.org/wikipedia/commons/0/05/Carrer_i_carril_bici%2C_Gandia%2C_la_Safor.JPG,2026-07-15,aprobada,
gandia-ciudad-10,gandia-ciudad-10.jpg,gandia-ciudad-10.webp,gandia-ciudad-10-thumb.webp,01-ciudad,calle,Gandia,Vista de la ciudad de Gandia.,Vista de la ciudad de Gandia.,3006,4566,JPEG,321702,90ea91ced428232f336476f34c0d35fcac4ee6bd190474b58c6b14b5e929ece4,ecd2c7a66328168f,Joanbanjo,CC BY SA 4.0,https://creativecommons.org/licenses/by-sa/4.0/,Openverse/wikimedia,https://commons.wikimedia.org/w/index.php?curid=66905436,https://upload.wikimedia.org/wikipedia/commons/d/d5/Portalada_al_carrer_de_Carmesina%2C_Gandia.jpg,2026-07-15,aprobada,
gandia-ciudad-11,gandia-ciudad-11.jpg,gandia-ciudad-11.webp,gandia-ciudad-11-thumb.webp,01-ciudad,calle,Gandia,Vista de la ciudad de Gandia.,Vista de la ciudad de Gandia.,4502,3045,JPEG,169152,d3a86849eb38871662a45e58c09fb704f751c5634d57df688e877a9ed90d1fcb,ff51498182cb8d7a,Joanbanjo,CC BY SA 4.0,https://creativecommons.org/licenses/by-sa/4.0/,Openverse/wikimedia,https://commons.wikimedia.org/w/index.php?curid=107486951,https://upload.wikimedia.org/wikipedia/commons/e/ec/Carrer_de_la_Dona_Teresa_de_Gandia%2C_placa.jpg,2026-07-15,aprobada,
gandia-ciudad-12,gandia-ciudad-12.jpg,gandia-ciudad-12.webp,gandia-ciudad-12-thumb.webp,01-ciudad,calle,Gandia,Vista de la ciudad de Gandia.,Vista de la ciudad de Gandia.,4478,3060,JPEG,336458,195e16a342c615c669b3ea80c49f29766c8be7a49d859f41a4db526240d52ee1,cf10116fee2bda30,Joanbanjo,CC BY SA 4.0,https://creativecommons.org/licenses/by-sa/4.0/,Openverse/wikimedia,https://commons.wikimedia.org/w/index.php?curid=124621844,https://upload.wikimedia.org/wikipedia/commons/a/ab/Balcons_al_carrer_de_sant_Tom%C3%A0s_de_Villanueva%2C_Gandia.jpg,2026-07-15,aprobada,
gandia-centro-historico-01,gandia-centro-historico-01.jpg,gandia-centro-historico-01.webp,gandia-centro-historico-01-thumb.webp,02-centro-historico,placa-major,Plaça Major,Plaça Major de Gandia en el centro histórico de la ciudad.,Plaça Major de Gandia en el centro histórico de la ciudad.,4725,7085,JPEG,534744,4d8e75573660fa3bd599e220bfe6385fe6875196cd49117e5c22151740ed6107,c3956c1de3746519,Xics de Granollers,CC BY-SA 3.0,https://creativecommons.org/licenses/by-sa/3.0,Wikimedia Commons,https://commons.wikimedia.org/wiki/File:4d8_descarregat_pels_Xics_de_Granollers.jpg,https://upload.wikimedia.org/wikipedia/commons/7/7d/4d8_descarregat_pels_Xics_de_Granollers.jpg,2026-07-15,aprobada,featured
gandia-centro-historico-02,gandia-centro-historico-02.jpg,gandia-centro-historico-02.webp,gandia-centro-historico-02-thumb.webp,02-centro-historico,placa-major,Plaça Major,Plaça Major de Gandia en el centro histórico de la ciudad.,Plaça Major de Gandia en el centro histórico de la ciudad.,6000,4000,MPO,311630,f89f1ed0c41516000e988520541d0c64e08488dd7e9a950b9492f4134bdfde25,9494fbef47621918,Enrique Íñiguez Rodríguez (Qoan),CC BY-SA 3.0,https://creativecommons.org/licenses/by-sa/3.0,Wikimedia Commons,https://commons.wikimedia.org/wiki/File:Gandia._Pla%C3%A7a_Major_1.jpg,https://upload.wikimedia.org/wikipedia/commons/f/f1/Gandia._Pla%C3%A7a_Major_1.jpg,2026-07-15,aprobada,featured
gandia-centro-historico-03,gandia-centro-historico-03.jpg,gandia-centro-historico-03.webp,gandia-centro-historico-03-thumb.webp,02-centro-historico,placa-major,Plaça Major,Plaça Major de Gandia en el centro histórico de la ciudad.,Plaça Major de Gandia en el centro histórico de la ciudad.,4000,6000,MPO,482758,999a1595e18c208a530238ed4204743899c0623dff4f4c01f6edb46806022424,ccd153b6181c5ce7,Enrique Íñiguez Rodríguez (Qoan),CC BY-SA 3.0,https://creativecommons.org/licenses/by-sa/3.0,Wikimedia Commons,https://commons.wikimedia.org/wiki/File:Gandia._Pla%C3%A7a_Major_2.jpg,https://upload.wikimedia.org/wikipedia/commons/8/86/Gandia._Pla%C3%A7a_Major_2.jpg,2026-07-15,aprobada,featured
gandia-centro-historico-04,gandia-centro-historico-04.jpg,gandia-centro-historico-04.webp,gandia-centro-historico-04-thumb.webp,02-centro-historico,placa-major,Plaça Major,Plaça Major de Gandia en el centro histórico de la ciudad.,Plaça Major de Gandia en el centro histórico de la ciudad.,4000,6000,MPO,399332,6b125b51a0db2e0f6b07f5e3bfbc564e9d99f1429080b28ba3c4fd3365dba4bd,d8cf52a43318f0cf,Enrique Íñiguez Rodríguez (Qoan),CC BY-SA 3.0,https://creativecommons.org/licenses/by-sa/3.0,Wikimedia Commons,https://commons.wikimedia.org/wiki/File:Gandia._Pla%C3%A7a_Major_3.jpg,https://upload.wikimedia.org/wikipedia/commons/0/0b/Gandia._Pla%C3%A7a_Major_3.jpg,2026-07-15,aprobada,featured
gandia-centro-historico-05,gandia-centro-historico-05.jpg,gandia-centro-historico-05.webp,gandia-centro-historico-05-thumb.webp,02-centro-historico,placa-major,Plaça Major,Plaça Major de Gandia en el centro histórico de la ciudad.,Plaça Major de Gandia en el centro histórico de la ciudad.,6000,4000,MPO,279838,17ab96c22d00965cd265dea7d25ed3d89a948ab1064b2c3e7fee4efb0617bf2f,90c03faf4b727499,Enrique Íñiguez Rodríguez (Qoan),CC BY-SA 3.0,https://creativecommons.org/licenses/by-sa/3.0,Wikimedia Commons,https://commons.wikimedia.org/wiki/File:Gandia._Pla%C3%A7a_Major_4.jpg,https://upload.wikimedia.org/wikipedia/commons/8/83/Gandia._Pla%C3%A7a_Major_4.jpg,2026-07-15,aprobada,featured
gandia-centro-historico-06,gandia-centro-historico-06.jpg,gandia-centro-historico-06.webp,gandia-centro-historico-06-thumb.webp,02-centro-historico,placa-major,Plaça Major,Plaça Major de Gandia en el centro histórico de la ciudad.,Plaça Major de Gandia en el centro histórico de la ciudad.,4608,3031,JPEG,427784,810b8b0bf5728bbbd4833d7adcf8c85c767f415927c19d44c08bf0b28fbf5bfa,a424c32b2bc35f97,Joanbanjo,CC BY-SA 3.0,https://creativecommons.org/licenses/by-sa/3.0,Wikimedia Commons,"https://commons.wikimedia.org/wiki/File:Gandia,_pla%C3%A7a_Major.JPG",https://upload.wikimedia.org/wikipedia/commons/3/3e/Gandia%2C_pla%C3%A7a_Major.JPG,2026-07-15,aprobada,
gandia-centro-historico-07,gandia-centro-historico-07.jpg,gandia-centro-historico-07.webp,gandia-centro-historico-07-thumb.webp,02-centro-historico,placa-major,Plaça Major,Plaça Major de Gandia en el centro histórico de la ciudad.,Plaça Major de Gandia en el centro histórico de la ciudad.,4367,3070,JPEG,362906,4b1fb9ad3cc1a98ad540915a5d57d2056086d78250a798e56f962222d27f41e6,9b3e4d12c80768df,Joanbanjo,CC BY-SA 3.0,https://creativecommons.org/licenses/by-sa/3.0,Wikimedia Commons,"https://commons.wikimedia.org/wiki/File:Gandia,_pla%C3%A7a_Major_i_col%C2%B7legiata.JPG",https://upload.wikimedia.org/wikipedia/commons/4/4d/Gandia%2C_pla%C3%A7a_Major_i_col%C2%B7legiata.JPG,2026-07-15,aprobada,
gandia-centro-historico-08,gandia-centro-historico-08.jpg,gandia-centro-historico-08.webp,gandia-centro-historico-08-thumb.webp,02-centro-historico,placa-major,Plaça Major,Plaça Major de Gandia en el centro histórico de la ciudad.,Plaça Major de Gandia en el centro histórico de la ciudad.,4231,2908,JPEG,493708,9d4e943ca90a061e60eaf7b0d5c900cac0ad16a387bc703df437523ed8b2d9e1,b424de5b2216d56b,Joanbanjo,CC BY-SA 4.0,https://creativecommons.org/licenses/by-sa/4.0,Wikimedia Commons,https://commons.wikimedia.org/wiki/File:Cabretes_a_la_pla%C3%A7a_Major_de_Gandia_durant_el_Nadal_de_2014.JPG,https://upload.wikimedia.org/wikipedia/commons/0/09/Cabretes_a_la_pla%C3%A7a_Major_de_Gandia_durant_el_Nadal_de_2014.JPG,2026-07-15,aprobada,
gandia-centro-historico-09,gandia-centro-historico-09.jpg,gandia-centro-historico-09.webp,gandia-centro-historico-09-thumb.webp,02-centro-historico,placa-major,Plaça Major,Plaça Major de Gandia en el centro histórico de la ciudad.,Plaça Major de Gandia en el centro histórico de la ciudad.,4000,3000,MPO,410706,05a8c3dc05894ff6e1a770a71285ba683221aa0a573d6217c021f98353a30764,83e0dc7d265ca13e,chisloup,CC BY 3.0,https://creativecommons.org/licenses/by/3.0,Wikimedia Commons,https://commons.wikimedia.org/wiki/File:Gandia_-_panoramio_(7).jpg,https://upload.wikimedia.org/wikipedia/commons/a/a5/Gandia_-_panoramio_%287%29.jpg,2026-07-15,aprobada,
gandia-centro-historico-10,gandia-centro-historico-10.jpg,gandia-centro-historico-10.webp,gandia-centro-historico-10-thumb.webp,02-centro-historico,placa-major,Plaça Major,Plaça Major de Gandia en el centro histórico de la ciudad.,Plaça Major de Gandia en el centro histórico de la ciudad.,3983,2641,MPO,492582,203b5d87464f1f311b7f10a7020a81cead0fef643c1d5451f19ffb7a3a20dd04,ca1b7071c48b4ecf,Enrique Íñiguez Rodríguez (Qoan),CC BY-SA 3.0,https://creativecommons.org/licenses/by-sa/3.0,Wikimedia Commons,https://commons.wikimedia.org/wiki/File:Gandia._Pla%C3%A7a_Major._R%C3%A8tols.jpg,https://upload.wikimedia.org/wikipedia/commons/9/96/Gandia._Pla%C3%A7a_Major._R%C3%A8tols.jpg,2026-07-15,aprobada,
gandia-centro-historico-11,gandia-centro-historico-11.jpg,gandia-centro-historico-11.webp,gandia-centro-historico-11-thumb.webp,02-centro-historico,placa-major,Plaça Major,Plaça Major de Gandia en el centro histórico de la ciudad.,Plaça Major de Gandia en el centro histórico de la ciudad.,2046,1464,JPEG,324296,da47c58e37d9366cb8d724284cebae86f64a8b020cc2e94b6459def2f5df5329,94d11f38979702be,Zarateman,CC0,http://creativecommons.org/publicdomain/zero/1.0/deed.en,Wikimedia Commons,https://commons.wikimedia.org/wiki/File:Gand%C3%ADa_-_Pla%C3%A7a_Major_1.jpg,https://upload.wikimedia.org/wikipedia/commons/8/8e/Gand%C3%ADa_-_Pla%C3%A7a_Major_1.jpg,2026-07-15,aprobada,
gandia-centro-historico-12,gandia-centro-historico-12.jpg,gandia-centro-historico-12.webp,gandia-centro-historico-12-thumb.webp,02-centro-historico,placa-major,Plaça Major,Plaça Major de Gandia en el centro histórico de la ciudad.,Plaça Major de Gandia en el centro histórico de la ciudad.,1944,1378,JPEG,265588,6a7ed2ac80465797a7b71214c2df1b59018f84502c5b569aaa22217df1ce4663,d7b0003f013f2e7d,Zarateman,CC0,http://creativecommons.org/publicdomain/zero/1.0/deed.en,Wikimedia Commons,https://commons.wikimedia.org/wiki/File:Gand%C3%ADa_-_Pla%C3%A7a_Major_2.jpg,https://upload.wikimedia.org/wikipedia/commons/e/e3/Gand%C3%ADa_-_Pla%C3%A7a_Major_2.jpg,2026-07-15,aprobada,
palau-ducal-gandia-01,palau-ducal-gandia-01.jpg,palau-ducal-gandia-01.webp,palau-ducal-gandia-01-thumb.webp,03-palau-ducal,palau,Palau Ducal dels Borja,Palau Ducal dels Borja en el centro histórico de Gandia.,Palau Ducal dels Borja en el centro histórico de Gandia.,4539,3070,JPEG,283816,604e4570ba93585db5fcf47646d43844e5ca928b704227c3149adf4c5df3e7ad,bdb9bcc64242a55a,Joanbanjo,CC BY-SA 3.0,https://creativecommons.org/licenses/by-sa/3.0,Wikimedia Commons,https://commons.wikimedia.org/wiki/File:Palau_Ducal_de_Gandia_per_darrere.JPG,https://upload.wikimedia.org/wikipedia/commons/6/65/Palau_Ducal_de_Gandia_per_darrere.JPG,2026-07-15,aprobada,featured
palau-ducal-gandia-02,palau-ducal-gandia-02.jpg,palau-ducal-gandia-02.webp,palau-ducal-gandia-02-thumb.webp,03-palau-ducal,palau,Palau Ducal dels Borja,Palau Ducal dels Borja en el centro histórico de Gandia.,Palau Ducal dels Borja en el centro histórico de Gandia.,4515,3070,JPEG,271792,ca2d9245c43824e2ec44b291f8825c7c7953660d810222369c9a29a7eb58ecb0,c02c70db1ff01ff0,Joanbanjo,CC BY-SA 3.0,https://creativecommons.org/licenses/by-sa/3.0,Wikimedia Commons,https://commons.wikimedia.org/wiki/File:Galeria_del_palau_Ducal_de_Gandia.JPG,https://upload.wikimedia.org/wikipedia/commons/1/1a/Galeria_del_palau_Ducal_de_Gandia.JPG,2026-07-15,aprobada,
palau-ducal-gandia-03,palau-ducal-gandia-03.jpg,palau-ducal-gandia-03.webp,palau-ducal-gandia-03-thumb.webp,03-palau-ducal,palau,Palau Ducal dels Borja,Palau Ducal dels Borja en el centro histórico de Gandia.,Palau Ducal dels Borja en el centro histórico de Gandia.,3028,4549,JPEG,348996,08c9801e6d984b06fafc8ec4e954ddb66231e21591202cef824138a51994ff86,fff7d819883a8340,Joanbanjo,CC BY-SA 3.0,https://creativecommons.org/licenses/by-sa/3.0,Wikimedia Commons,https://commons.wikimedia.org/wiki/File:Fa%C3%A7ana_del_palau_Ducal_de_Gandia.JPG,https://upload.wikimedia.org/wikipedia/commons/0/06/Fa%C3%A7ana_del_palau_Ducal_de_Gandia.JPG,2026-07-15,aprobada,
palau-ducal-gandia-04,palau-ducal-gandia-04.jpg,palau-ducal-gandia-04.webp,palau-ducal-gandia-04-thumb.webp,03-palau-ducal,palau,Palau Ducal dels Borja,Palau Ducal dels Borja en el centro histórico de Gandia.,Palau Ducal dels Borja en el centro histórico de Gandia.,2991,4483,JPEG,245632,20d88ba313d8a2a0a74e3311a5fd2e50a2a7aef7e9905b177112597bbdc3aa60,fdab0374c0cb3938,Joanbanjo,CC BY-SA 3.0,https://creativecommons.org/licenses/by-sa/3.0,Wikimedia Commons,"https://commons.wikimedia.org/wiki/File:Palau_Ducal_de_Gandia,_galeria.JPG",https://upload.wikimedia.org/wikipedia/commons/e/e4/Palau_Ducal_de_Gandia%2C_galeria.JPG,2026-07-15,aprobada,
palau-ducal-gandia-05,palau-ducal-gandia-05.jpg,palau-ducal-gandia-05.webp,palau-ducal-gandia-05-thumb.webp,03-palau-ducal,palau,Palau Ducal dels Borja,Palau Ducal dels Borja en el centro histórico de Gandia.,Palau Ducal dels Borja en el centro histórico de Gandia.,4367,3070,JPEG,359518,0e9348b19ea7bc1a3291cc11146da43c613d3ffe090d909f8ee78030873cc4ae,fc93f06c0c67a724,Joanbanjo,CC BY-SA 3.0,https://creativecommons.org/licenses/by-sa/3.0,Wikimedia Commons,"https://commons.wikimedia.org/wiki/File:Escut_de_la_Corona_d%27Arag%C3%B3,_forrellat_del_palau_Ducal_de_Gandia.JPG",https://upload.wikimedia.org/wikipedia/commons/e/ef/Escut_de_la_Corona_d%27Arag%C3%B3%2C_forrellat_del_palau_Ducal_de_Gandia.JPG,2026-07-15,aprobada,
palau-ducal-gandia-06,palau-ducal-gandia-06.jpg,palau-ducal-gandia-06.webp,palau-ducal-gandia-06-thumb.webp,03-palau-ducal,palau,Palau Ducal dels Borja,Palau Ducal dels Borja en el centro histórico de Gandia.,Palau Ducal dels Borja en el centro histórico de Gandia.,4000,3000,JPEG,180962,2fceb4d3e3061dba8d34fdc7bb4038ba5a5e24e0c547628280a198c48d99e020,80a2df9119ad947f,Emilio2005,CC0,http://creativecommons.org/publicdomain/zero/1.0/deed.en,Wikimedia Commons,https://commons.wikimedia.org/wiki/File:Palau_Ducal_Gandia_-_Facade.jpg,https://upload.wikimedia.org/wikipedia/commons/5/54/Palau_Ducal_Gandia_-_Facade.jpg,2026-07-15,aprobada,
palau-ducal-gandia-07,palau-ducal-gandia-07.jpg,palau-ducal-gandia-07.webp,palau-ducal-gandia-07-thumb.webp,03-palau-ducal,palau,Palau Ducal dels Borja,Palau Ducal dels Borja en el centro histórico de Gandia.,Palau Ducal dels Borja en el centro histórico de Gandia.,2655,4144,JPEG,133412,e0ac3fd0246d27bb8e7025c3a9d4a450dd1083620654222e610bebe715480bda,8d269299674ccd76,Joanbanjo,CC BY-SA 3.0,https://creativecommons.org/licenses/by-sa/3.0,Wikimedia Commons,https://commons.wikimedia.org/wiki/File:Campaneta_al_palau_Ducal_de_Gandia.JPG,https://upload.wikimedia.org/wikipedia/commons/1/15/Campaneta_al_palau_Ducal_de_Gandia.JPG,2026-07-15,aprobada,
palau-ducal-gandia-08,palau-ducal-gandia-08.jpg,palau-ducal-gandia-08.webp,palau-ducal-gandia-08-thumb.webp,03-palau-ducal,patio,Palau Ducal dels Borja,Palau Ducal dels Borja en el centro histórico de Gandia.,Palau Ducal dels Borja en el centro histórico de Gandia.,3664,2748,JPEG,268988,671eb4dc16f5cc8227e4973fdfa3c7a5225a405b4ef4cd8d737a9723ea67b163,d6d0cdc5f4373109,Joanbanjo,Public domain,,Wikimedia Commons,https://commons.wikimedia.org/wiki/File:Palau_Ducal_Gandia_pati.JPG,https://upload.wikimedia.org/wikipedia/commons/a/a6/Palau_Ducal_Gandia_pati.JPG,2026-07-15,aprobada,
palau-ducal-gandia-09,palau-ducal-gandia-09.jpg,palau-ducal-gandia-09.webp,palau-ducal-gandia-09-thumb.webp,03-palau-ducal,portada,Palau Ducal dels Borja,Palau Ducal dels Borja en el centro histórico de Gandia.,Palau Ducal dels Borja en el centro histórico de Gandia.,2748,3664,JPEG,462546,d71acbf655663fc473d02fe9bbf83da5fb24e3663fc531e1bb4b54ce8a763b3c,b49e1e349c0fc9a9,Joanbanjo,Public domain,,Wikimedia Commons,https://commons.wikimedia.org/wiki/File:Palau_Ducal_de_Gandia_Portada.JPG,https://upload.wikimedia.org/wikipedia/commons/5/5c/Palau_Ducal_de_Gandia_Portada.JPG,2026-07-15,aprobada,
palau-ducal-gandia-10,palau-ducal-gandia-10.jpg,palau-ducal-gandia-10.webp,palau-ducal-gandia-10-thumb.webp,03-palau-ducal,interior,Palau Ducal dels Borja,Palau Ducal dels Borja en el centro histórico de Gandia.,Palau Ducal dels Borja en el centro histórico de Gandia.,3664,2748,JPEG,306974,bfc2c0af0d52f2437b55193a3911a8553cce914a63422f6d28e61be8c5a42c60,cbc3d372c040fcdc,Joanbanjo,CC BY-SA 3.0,https://creativecommons.org/licenses/by-sa/3.0,Wikimedia Commons,https://commons.wikimedia.org/wiki/File:Palau_Ducal_de_Gandia_Sala_de_les_%C3%80guiles_o_sal%C3%B3_principal.JPG,https://upload.wikimedia.org/wikipedia/commons/6/6c/Palau_Ducal_de_Gandia_Sala_de_les_%C3%80guiles_o_sal%C3%B3_principal.JPG,2026-07-15,aprobada,
palau-ducal-gandia-11,palau-ducal-gandia-11.jpg,palau-ducal-gandia-11.webp,palau-ducal-gandia-11-thumb.webp,03-palau-ducal,detalle,Palau Ducal dels Borja,Palau Ducal dels Borja en el centro histórico de Gandia.,Palau Ducal dels Borja en el centro histórico de Gandia.,3664,2748,JPEG,236552,1c0f0b658f1162a3c9dedf16ca095c54966e6d65b625c57b5ecdb735cc5ce4df,a080804fcfcf39f7,Joanbanjo,CC BY-SA 3.0,https://creativecommons.org/licenses/by-sa/3.0,Wikimedia Commons,https://commons.wikimedia.org/wiki/File:Palau_Ducal_de_Gandia_escut_dels_Borja.JPG,https://upload.wikimedia.org/wikipedia/commons/3/3c/Palau_Ducal_de_Gandia_escut_dels_Borja.JPG,2026-07-15,aprobada,
palau-ducal-gandia-12,palau-ducal-gandia-12.jpg,palau-ducal-gandia-12.webp,palau-ducal-gandia-12-thumb.webp,03-palau-ducal,palau,Palau Ducal dels Borja,Palau Ducal dels Borja en el centro histórico de Gandia.,Palau Ducal dels Borja en el centro histórico de Gandia.,3664,2748,JPEG,279684,3f25e00841ff6d626967c25eebe3eaccc3ccdba8908afa053285b6f514c723a9,a59a7b62444e6b1b,Joanbanjo,CC BY-SA 3.0,https://creativecommons.org/licenses/by-sa/3.0,Wikimedia Commons,https://commons.wikimedia.org/wiki/File:Finestra_g%C3%B2tica_original_del_Palau_Ducal_de_Gandia.JPG,https://upload.wikimedia.org/wikipedia/commons/a/a5/Finestra_g%C3%B2tica_original_del_Palau_Ducal_de_Gandia.JPG,2026-07-15,aprobada,
palau-ducal-gandia-13,palau-ducal-gandia-13.jpg,palau-ducal-gandia-13.webp,palau-ducal-gandia-13-thumb.webp,03-palau-ducal,palau,Palau Ducal dels Borja,Palau Ducal dels Borja en el centro histórico de Gandia.,Palau Ducal dels Borja en el centro histórico de Gandia.,3664,2748,JPEG,203884,e2ae3a2b9fe587092ad9661fc0cc39a3da130a1d493456a8bccba20f5dc9845e,ef670839c609d3f0,Joanbanjo,CC BY-SA 3.0,https://creativecommons.org/licenses/by-sa/3.0,Wikimedia Commons,https://commons.wikimedia.org/wiki/File:Galeria_de_les_cer%C3%A0miques_del_palau_ducal_de_Gandia.jpg,https://upload.wikimedia.org/wikipedia/commons/9/98/Galeria_de_les_cer%C3%A0miques_del_palau_ducal_de_Gandia.jpg,2026-07-15,aprobada,
palau-ducal-gandia-14,palau-ducal-gandia-14.jpg,palau-ducal-gandia-14.webp,palau-ducal-gandia-14-thumb.webp,03-palau-ducal,palau,Palau Ducal dels Borja,Palau Ducal dels Borja en el centro histórico de Gandia.,Palau Ducal dels Borja en el centro histórico de Gandia.,3396,2503,JPEG,290318,e7a9cb6dd772e31ecd6273ec2a3a9758162bf8409c8b15259f1fe179dbe9c272,f4f0cb2dc3c2c2c3,Joanbanjo,CC BY-SA 3.0,https://creativecommons.org/licenses/by-sa/3.0,Wikimedia Commons,"https://commons.wikimedia.org/wiki/File:Finestra,_palau_ducal_de_Gandia.JPG",https://upload.wikimedia.org/wikipedia/commons/3/32/Finestra%2C_palau_ducal_de_Gandia.JPG,2026-07-15,aprobada,
palau-ducal-gandia-15,palau-ducal-gandia-15.jpg,palau-ducal-gandia-15.webp,palau-ducal-gandia-15-thumb.webp,03-palau-ducal,palau,Palau Ducal dels Borja,Palau Ducal dels Borja en el centro histórico de Gandia.,Palau Ducal dels Borja en el centro histórico de Gandia.,2592,1944,JPEG,142012,06f1421e29ef57a4ff50cb0747c6dae0206c931fd9de961c73ef552fd5dae878,f5e407cc189971d3,Millars,CC BY-SA 3.0 es,https://creativecommons.org/licenses/by-sa/3.0/es/deed.en,Wikimedia Commons,https://commons.wikimedia.org/wiki/File:Palau_dels_Ducs_de_Gandia_-_exterior.jpg,https://upload.wikimedia.org/wikipedia/commons/7/73/Palau_dels_Ducs_de_Gandia_-_exterior.jpg,2026-07-15,aprobada,
palau-ducal-gandia-16,palau-ducal-gandia-16.jpg,palau-ducal-gandia-16.webp,palau-ducal-gandia-16-thumb.webp,03-palau-ducal,palau,Palau Ducal dels Borja,Palau Ducal dels Borja en el centro histórico de Gandia.,Palau Ducal dels Borja en el centro histórico de Gandia.,1944,2592,JPEG,135890,dce250853d33fc8a1816e7929a173234d573211827b99d34003eb1090dd3cff3,a80a8a2d253bdfc7,Millars,CC BY-SA 3.0 es,https://creativecommons.org/licenses/by-sa/3.0/es/deed.en,Wikimedia Commons,https://commons.wikimedia.org/wiki/File:Palau_dels_Ducs_de_Gandia_-_finestra.jpg,https://upload.wikimedia.org/wikipedia/commons/8/8e/Palau_dels_Ducs_de_Gandia_-_finestra.jpg,2026-07-15,aprobada,
palau-ducal-gandia-17,palau-ducal-gandia-17.jpg,palau-ducal-gandia-17.webp,palau-ducal-gandia-17-thumb.webp,03-palau-ducal,palau,Palau Ducal dels Borja,Palau Ducal dels Borja en el centro histórico de Gandia.,Palau Ducal dels Borja en el centro histórico de Gandia.,2592,1944,JPEG,161312,f84057a1c7b2b46787e3f7b7e215a53ee719408f9f40b145e57f13605c96fafd,d528d3538c7783e8,Millars,CC BY-SA 3.0 es,https://creativecommons.org/licenses/by-sa/3.0/es/deed.en,Wikimedia Commons,https://commons.wikimedia.org/wiki/File:Palau_dels_Ducs_de_Gandia_2.jpg,https://upload.wikimedia.org/wikipedia/commons/b/b8/Palau_dels_Ducs_de_Gandia_2.jpg,2026-07-15,aprobada,
palau-ducal-gandia-18,palau-ducal-gandia-18.jpg,palau-ducal-gandia-18.webp,palau-ducal-gandia-18-thumb.webp,03-palau-ducal,palau,Palau Ducal dels Borja,Palau Ducal dels Borja en el centro histórico de Gandia.,Palau Ducal dels Borja en el centro histórico de Gandia.,2048,1536,JPEG,412832,156bc71e44960d9c7701c5393c193f68600c84d7175ae064814403dddaf8154b,98fc57138ad184e7,Zarateman,CC0,http://creativecommons.org/publicdomain/zero/1.0/deed.en,Wikimedia Commons,"https://commons.wikimedia.org/wiki/File:Gand%C3%ADa_-_Palacio_Ducal_de_Borja,_Estancia_del_Duque_8.jpg",https://upload.wikimedia.org/wikipedia/commons/1/13/Gand%C3%ADa_-_Palacio_Ducal_de_Borja%2C_Estancia_del_Duque_8.jpg,2026-07-15,aprobada,
palau-ducal-gandia-19,palau-ducal-gandia-19.jpg,palau-ducal-gandia-19.webp,palau-ducal-gandia-19-thumb.webp,03-palau-ducal,palau,Palau Ducal dels Borja,Palau Ducal dels Borja en el centro histórico de Gandia.,Palau Ducal dels Borja en el centro histórico de Gandia.,1769,1202,JPEG,97634,733a656317f3708e0ae962621691521335e7479159965faa10fffe2abd197d73,dffe998e61839801,B25es,CC BY-SA 4.0,https://creativecommons.org/licenses/by-sa/4.0,Wikimedia Commons,https://commons.wikimedia.org/wiki/File:Palau_Ducal_de_Gandia_juliol_1991.jpg,https://upload.wikimedia.org/wikipedia/commons/d/db/Palau_Ducal_de_Gandia_juliol_1991.jpg,2026-07-15,aprobada,
colegiata-gandia-01,colegiata-gandia-01.jpg,colegiata-gandia-01.webp,colegiata-gandia-01-thumb.webp,04-colegiata,colegiata,Colegiata de Gandia,"Colegiata de Santa María de Gandia, en el centro histórico.","Colegiata de Santa María de Gandia, en el centro histórico.",5184,3888,MPO,249584,2daaf76c6bda792fc8c9c0cf838924ec3aac8c5d4db67ad16b581f56b5fa2195,8a5569d3c634b56a,Severusque,CC BY-SA 4.0,https://creativecommons.org/licenses/by-sa/4.0,Wikimedia Commons,https://commons.wikimedia.org/wiki/File:Campanario_2021.jpg,https://upload.wikimedia.org/wikipedia/commons/d/d0/Campanario_2021.jpg,2026-07-15,aprobada,featured
colegiata-gandia-02,colegiata-gandia-02.jpg,colegiata-gandia-02.webp,colegiata-gandia-02-thumb.webp,04-colegiata,colegiata,Colegiata de Gandia,"Colegiata de Santa María de Gandia, en el centro histórico.","Colegiata de Santa María de Gandia, en el centro histórico.",5184,3456,MPO,254596,2e22f6f3cb4c93b206d1e3e672b02776e6fb408a64a1a70e9ccf44e681033dae,aa92d5b3d3ed2481,Severusque,CC BY-SA 4.0,https://creativecommons.org/licenses/by-sa/4.0,Wikimedia Commons,https://commons.wikimedia.org/wiki/File:Campana_mayor.jpg,https://upload.wikimedia.org/wikipedia/commons/7/7b/Campana_mayor.jpg,2026-07-15,aprobada,featured
colegiata-gandia-03,colegiata-gandia-03.jpg,colegiata-gandia-03.webp,colegiata-gandia-03-thumb.webp,04-colegiata,colegiata,Colegiata de Gandia,"Colegiata de Santa María de Gandia, en el centro histórico.","Colegiata de Santa María de Gandia, en el centro histórico.",5184,3456,MPO,271676,e8657c9d6746e84e7de8dd0e44bc24c10e8d6168e78682293c50ca8fc9435b1b,d3283f2c35c5c69c,Severusque,CC BY-SA 4.0,https://creativecommons.org/licenses/by-sa/4.0,Wikimedia Commons,https://commons.wikimedia.org/wiki/File:La_esfera_del_reloj.jpg,https://upload.wikimedia.org/wikipedia/commons/4/47/La_esfera_del_reloj.jpg,2026-07-15,aprobada,featured
colegiata-gandia-04,colegiata-gandia-04.jpg,colegiata-gandia-04.webp,colegiata-gandia-04-thumb.webp,04-colegiata,colegiata,Colegiata de Gandia,"Colegiata de Santa María de Gandia, en el centro histórico.","Colegiata de Santa María de Gandia, en el centro histórico.",4208,3120,JPEG,632832,2ae87fc72fa9bd5ac16078d31fd1868b0b8a0240fb30c7f41d75b9b6c9f1a177,e7fac8615488a2be,Frnevado,CC BY-SA 4.0,https://creativecommons.org/licenses/by-sa/4.0,Wikimedia Commons,https://commons.wikimedia.org/wiki/File:Colegiata_mayor_-_Gandia.jpg,https://upload.wikimedia.org/wikipedia/commons/5/59/Colegiata_mayor_-_Gandia.jpg,2026-07-15,aprobada,
colegiata-gandia-05,colegiata-gandia-05.jpg,colegiata-gandia-05.webp,colegiata-gandia-05-thumb.webp,04-colegiata,colegiata,Colegiata de Gandia,"Colegiata de Santa María de Gandia, en el centro histórico.","Colegiata de Santa María de Gandia, en el centro histórico.",3617,2746,JPEG,477426,961acdf8a7d3982cca2647cfeb1d993f1cf592411bc919f659851478a56bd042,93ec4785c8de239c,Joanbanjo,CC BY-SA 3.0,https://creativecommons.org/licenses/by-sa/3.0,Wikimedia Commons,https://commons.wikimedia.org/wiki/File:Col%C2%B7legiata_de_Gandia_i_pla%C3%A7a_Major.JPG,https://upload.wikimedia.org/wikipedia/commons/6/6f/Col%C2%B7legiata_de_Gandia_i_pla%C3%A7a_Major.JPG,2026-07-15,aprobada,
colegiata-gandia-06,colegiata-gandia-06.jpg,colegiata-gandia-06.webp,colegiata-gandia-06-thumb.webp,04-colegiata,colegiata,Colegiata de Gandia,"Colegiata de Santa María de Gandia, en el centro histórico.","Colegiata de Santa María de Gandia, en el centro histórico.",4032,2268,JPEG,409902,1bb0adb5c5d503ae94b9a4c8d46bafcfdf502438b9d928fbb21b6a0660c5d27d,f7c22fc20897c1b5,Jaiserpe,CC BY-SA 4.0,https://creativecommons.org/licenses/by-sa/4.0,Wikimedia Commons,https://commons.wikimedia.org/wiki/File:Colegiata_de_Gandia_desde_una_bola_de_Navidad.jpg,https://upload.wikimedia.org/wikipedia/commons/a/ac/Colegiata_de_Gandia_desde_una_bola_de_Navidad.jpg,2026-07-15,aprobada,
colegiata-gandia-07,colegiata-gandia-07.jpg,colegiata-gandia-07.webp,colegiata-gandia-07-thumb.webp,04-colegiata,colegiata,Colegiata de Gandia,"Colegiata de Santa María de Gandia, en el centro histórico.","Colegiata de Santa María de Gandia, en el centro histórico.",2592,3456,JPEG,549382,aebdb639d725df9f94db74bf2a1633fb12eaf2bc3f5fc1b7667c0914e4d64080,d3b70c883fd0a35c,santiago lopez-pastor from España,CC BY-SA 2.0,https://creativecommons.org/licenses/by-sa/2.0,Wikimedia Commons,https://commons.wikimedia.org/wiki/File:Gand%C3%ADa_(38814437852).jpg,https://upload.wikimedia.org/wikipedia/commons/b/b5/Gand%C3%ADa_%2838814437852%29.jpg,2026-07-15,aprobada,
colegiata-gandia-08,colegiata-gandia-08.jpg,colegiata-gandia-08.webp,colegiata-gandia-08-thumb.webp,04-colegiata,colegiata,Colegiata de Gandia,"Colegiata de Santa María de Gandia, en el centro histórico.","Colegiata de Santa María de Gandia, en el centro histórico.",3456,2592,JPEG,562360,3b699ecf724040838a4ad0b3f4b4e91c1d537e901f45820377e39e3ae54b23fa,d3280cf181fe25de,santiago lopez-pastor from España,CC BY-SA 2.0,https://creativecommons.org/licenses/by-sa/2.0,Wikimedia Commons,https://commons.wikimedia.org/wiki/File:Gand%C3%ADa_(38814440262).jpg,https://upload.wikimedia.org/wikipedia/commons/0/04/Gand%C3%ADa_%2838814440262%29.jpg,2026-07-15,aprobada,
castell-bairen-gandia-01,castell-bairen-gandia-01.jpg,castell-bairen-gandia-01.webp,castell-bairen-gandia-01-thumb.webp,05-castell-bairen,castillo,Castell de Bairén,Restos del Castell de Bairén sobre la ciudad de Gandia.,Restos del Castell de Bairén sobre la ciudad de Gandia.,4624,3468,JPEG,849812,52829fce8d2e768bd86e3ef9b56471a4c7ef38bf492ba8540134fd5a348c6529,a19cc24e27f5496e,Marnal,CC0,http://creativecommons.org/publicdomain/zero/1.0/deed.en,Wikimedia Commons,https://commons.wikimedia.org/wiki/File:Castillobairen.jpg,https://upload.wikimedia.org/wikipedia/commons/f/f5/Castillobairen.jpg,2026-07-15,aprobada,featured
castell-bairen-gandia-02,castell-bairen-gandia-02.jpg,castell-bairen-gandia-02.webp,castell-bairen-gandia-02-thumb.webp,05-castell-bairen,castillo,Castell de Bairén,Restos del Castell de Bairén sobre la ciudad de Gandia.,Restos del Castell de Bairén sobre la ciudad de Gandia.,4608,3456,JPEG,159446,1f1bd5374189d5a275c8a041a5d4fbc47a7b77f42aeed47fee66863153c37d90,80cd365bc027dadb,19Tarrestnom65,CC BY-SA 4.0,https://creativecommons.org/licenses/by-sa/4.0,Wikimedia Commons,"https://commons.wikimedia.org/wiki/File:Castillo_de_Bair%C3%A9n,_Gand%C3%ADa_03.jpg",https://upload.wikimedia.org/wikipedia/commons/1/1e/Castillo_de_Bair%C3%A9n%2C_Gand%C3%ADa_03.jpg,2026-07-15,aprobada,featured
castell-bairen-gandia-03,castell-bairen-gandia-03.jpg,castell-bairen-gandia-03.webp,castell-bairen-gandia-03-thumb.webp,05-castell-bairen,castillo,Castell de Bairén,Restos del Castell de Bairén sobre la ciudad de Gandia.,Restos del Castell de Bairén sobre la ciudad de Gandia.,4608,3456,JPEG,240774,deb7092ef858d24f52b262aa38e0962b4ef313852290ee6fe1acdd5ad3c16c24,a59269d6a9525fb0,19Tarrestnom65,CC BY-SA 4.0,https://creativecommons.org/licenses/by-sa/4.0,Wikimedia Commons,"https://commons.wikimedia.org/wiki/File:Castillo_de_Bair%C3%A9n,_Gand%C3%ADa_01.jpg",https://upload.wikimedia.org/wikipedia/commons/4/44/Castillo_de_Bair%C3%A9n%2C_Gand%C3%ADa_01.jpg,2026-07-15,aprobada,featured
castell-bairen-gandia-04,castell-bairen-gandia-04.jpg,castell-bairen-gandia-04.webp,castell-bairen-gandia-04-thumb.webp,05-castell-bairen,castillo,Castell de Bairén,Restos del Castell de Bairén sobre la ciudad de Gandia.,Restos del Castell de Bairén sobre la ciudad de Gandia.,4608,3456,JPEG,384844,3f8501e0ebd27307cd04e9ce11568a9428d667377325586fe3ff42633350bd51,cbf01762ed94714a,19Tarrestnom65,CC BY-SA 4.0,https://creativecommons.org/licenses/by-sa/4.0,Wikimedia Commons,"https://commons.wikimedia.org/wiki/File:Castillo_de_Bair%C3%A9n,_Gand%C3%ADa_02.jpg",https://upload.wikimedia.org/wikipedia/commons/c/cd/Castillo_de_Bair%C3%A9n%2C_Gand%C3%ADa_02.jpg,2026-07-15,aprobada,
castell-bairen-gandia-05,castell-bairen-gandia-05.jpg,castell-bairen-gandia-05.webp,castell-bairen-gandia-05-thumb.webp,05-castell-bairen,castillo,Castell de Bairén,Restos del Castell de Bairén sobre la ciudad de Gandia.,Restos del Castell de Bairén sobre la ciudad de Gandia.,4608,3456,JPEG,635534,1501b7412ccb7548ae4e5fb8c29200a52d48c7ca5ab0091df7c7c05dcd8bccf3,c1fec11f026ca1ed,19Tarrestnom65,CC BY-SA 4.0,https://creativecommons.org/licenses/by-sa/4.0,Wikimedia Commons,"https://commons.wikimedia.org/wiki/File:Castillo_de_Bair%C3%A9n,_Gand%C3%ADa_04.jpg",https://upload.wikimedia.org/wikipedia/commons/5/50/Castillo_de_Bair%C3%A9n%2C_Gand%C3%ADa_04.jpg,2026-07-15,aprobada,
castell-bairen-gandia-06,castell-bairen-gandia-06.jpg,castell-bairen-gandia-06.webp,castell-bairen-gandia-06-thumb.webp,05-castell-bairen,castillo,Castell de Bairén,Restos del Castell de Bairén sobre la ciudad de Gandia.,Restos del Castell de Bairén sobre la ciudad de Gandia.,4503,3026,JPEG,644140,f69a8084b15c87c31df8aa54b8d9f9abce1075c79d9367f9194cf849d65e28d5,96d78be9e030f0d2,Joanbanjo,CC BY-SA 4.0,https://creativecommons.org/licenses/by-sa/4.0,Wikimedia Commons,"https://commons.wikimedia.org/wiki/File:Vista_del_castell_de_Bair%C3%A9n_des_de_l%27ullal_de_l%27Estany,_Gandia.jpg",https://upload.wikimedia.org/wikipedia/commons/b/b2/Vista_del_castell_de_Bair%C3%A9n_des_de_l%27ullal_de_l%27Estany%2C_Gandia.jpg,2026-07-15,aprobada,
castell-bairen-gandia-07,castell-bairen-gandia-07.jpg,castell-bairen-gandia-07.webp,castell-bairen-gandia-07-thumb.webp,05-castell-bairen,castillo,Castell de Bairén,Restos del Castell de Bairén sobre la ciudad de Gandia.,Restos del Castell de Bairén sobre la ciudad de Gandia.,3648,2736,JPEG,286626,e3e9516043d16a7b9f9682632fa5f9e4b93e4e64d78c32ec53eec860c526b083,aad5d44a2da5d2ca,Vicente Moratal Canales,CC BY-SA 3.0,https://creativecommons.org/licenses/by-sa/3.0,Wikimedia Commons,https://commons.wikimedia.org/wiki/File:Castillo_de_Bayr%C3%A9n.JPG,https://upload.wikimedia.org/wikipedia/commons/d/d8/Castillo_de_Bayr%C3%A9n.JPG,2026-07-15,aprobada,
grau-gandia-01,grau-gandia-01.jpg,grau-gandia-01.webp,grau-gandia-01-thumb.webp,06-grau,grau,Grau de Gandia,"El Grau de Gandia, barrio marinero junto al mar.","El Grau de Gandia, barrio marinero junto al mar.",4571,3071,JPEG,279148,1218d03d05ee9f423e21820764b71dff41f93614f06bedfc29d51ede9c57a0ab,849c9ee170e2b5f8,Joanbanjo,CC BY-SA 4.0,https://creativecommons.org/licenses/by-sa/4.0,Wikimedia Commons,https://commons.wikimedia.org/wiki/File:Carrer_dels_Pescadors_del_Grau_de_Gandia.jpg,https://upload.wikimedia.org/wikipedia/commons/4/48/Carrer_dels_Pescadors_del_Grau_de_Gandia.jpg,2026-07-15,aprobada,featured
grau-gandia-02,grau-gandia-02.jpg,grau-gandia-02.webp,grau-gandia-02-thumb.webp,06-grau,grau,Grau de Gandia,"El Grau de Gandia, barrio marinero junto al mar.","El Grau de Gandia, barrio marinero junto al mar.",4511,3071,JPEG,358208,aff58106b73ee9959554192f95a5e71bcfa7569776af3152f2335323cecfa25b,802a2f3d3e3e3cd1,Joanbanjo,CC BY-SA 4.0,https://creativecommons.org/licenses/by-sa/4.0,Wikimedia Commons,https://commons.wikimedia.org/wiki/File:Placa_en_record_de_Jaume_I_al_Grau_de_Gandia.jpg,https://upload.wikimedia.org/wikipedia/commons/0/0b/Placa_en_record_de_Jaume_I_al_Grau_de_Gandia.jpg,2026-07-15,aprobada,
grau-gandia-03,grau-gandia-03.jpg,grau-gandia-03.webp,grau-gandia-03-thumb.webp,06-grau,grau,Grau de Gandia,"El Grau de Gandia, barrio marinero junto al mar.","El Grau de Gandia, barrio marinero junto al mar.",4510,3071,JPEG,311282,68e891e3eab3904e47d2575fb2cec7d737402101ab19afafa7959542c859f753,8989af8e61125777,Joanbanjo,CC BY-SA 4.0,https://creativecommons.org/licenses/by-sa/4.0,Wikimedia Commons,https://commons.wikimedia.org/wiki/File:Carrer_Verge_del_Grau_de_Gandia.jpg,https://upload.wikimedia.org/wikipedia/commons/d/d6/Carrer_Verge_del_Grau_de_Gandia.jpg,2026-07-15,aprobada,
grau-gandia-04,grau-gandia-04.jpg,grau-gandia-04.webp,grau-gandia-04-thumb.webp,06-grau,grau,Grau de Gandia,"El Grau de Gandia, barrio marinero junto al mar.","El Grau de Gandia, barrio marinero junto al mar.",4478,3071,JPEG,413132,9785122c1c09b83aeaf44764ff3dbc2e312520d2cddffbd0135f927e994fa514,b52c21396b48ced7,Joanbanjo,CC BY-SA 4.0,https://creativecommons.org/licenses/by-sa/4.0,Wikimedia Commons,"https://commons.wikimedia.org/wiki/File:El_Grau_de_Gandia,_barana_del_riu_de_sant_Nicolau.jpg",https://upload.wikimedia.org/wikipedia/commons/3/3b/El_Grau_de_Gandia%2C_barana_del_riu_de_sant_Nicolau.jpg,2026-07-15,aprobada,
grau-gandia-05,grau-gandia-05.jpg,grau-gandia-05.webp,grau-gandia-05-thumb.webp,06-grau,grau,Grau de Gandia,"El Grau de Gandia, barrio marinero junto al mar.","El Grau de Gandia, barrio marinero junto al mar.",4486,3047,JPEG,305046,e3b302d1b79a30d4cf3fa4953a8d26fcf4640a836d0af90a881953d3a392418c,acad332c8e5a39a9,Joanbanjo,CC BY-SA 4.0,https://creativecommons.org/licenses/by-sa/4.0,Wikimedia Commons,"https://commons.wikimedia.org/wiki/File:Pla%C3%A7a_de_l%27ermita_i_antiga_estaci%C3%B3,_el_Grau_de_Gandia.jpg",https://upload.wikimedia.org/wikipedia/commons/3/39/Pla%C3%A7a_de_l%27ermita_i_antiga_estaci%C3%B3%2C_el_Grau_de_Gandia.jpg,2026-07-15,aprobada,
grau-gandia-06,grau-gandia-06.jpg,grau-gandia-06.webp,grau-gandia-06-thumb.webp,06-grau,grau,Grau de Gandia,"El Grau de Gandia, barrio marinero junto al mar.","El Grau de Gandia, barrio marinero junto al mar.",4527,3009,JPEG,400182,317c9241780beda066aeff6cd7df49e562aeb9a2b2ea3432f1ad273f56b8c445,80809af94377bebc,Joanbanjo,CC BY-SA 4.0,https://creativecommons.org/licenses/by-sa/4.0,Wikimedia Commons,"https://commons.wikimedia.org/wiki/File:Riu_de_sant_Nicolau,_barques.jpg",https://upload.wikimedia.org/wikipedia/commons/b/bf/Riu_de_sant_Nicolau%2C_barques.jpg,2026-07-15,aprobada,
grau-gandia-07,grau-gandia-07.jpg,grau-gandia-07.webp,grau-gandia-07-thumb.webp,06-grau,grau,Grau de Gandia,"El Grau de Gandia, barrio marinero junto al mar.","El Grau de Gandia, barrio marinero junto al mar.",4511,3014,JPEG,355762,bf6d066fe045be7dcc6cbe64b1d3efd2e8c295f49f2d54da4263e16e37919497,9080a5fa7f1599a7,Joanbanjo,CC BY-SA 4.0,https://creativecommons.org/licenses/by-sa/4.0,Wikimedia Commons,"https://commons.wikimedia.org/wiki/File:Riu_de_sant_Nicolau,_el_Grau_de_Gandia.jpg",https://upload.wikimedia.org/wikipedia/commons/7/79/Riu_de_sant_Nicolau%2C_el_Grau_de_Gandia.jpg,2026-07-15,aprobada,
grau-gandia-08,grau-gandia-08.jpg,grau-gandia-08.webp,grau-gandia-08-thumb.webp,06-grau,grau,Grau de Gandia,"El Grau de Gandia, barrio marinero junto al mar.","El Grau de Gandia, barrio marinero junto al mar.",4438,3063,JPEG,144766,7d2413bd299cb2e0c0be2224c30cbf7b460367841e4a464a3e13fe32121d7dc6,8caf33c09a6ac537,Joanbanjo,CC BY-SA 4.0,https://creativecommons.org/licenses/by-sa/4.0,Wikimedia Commons,https://commons.wikimedia.org/wiki/File:Antiga_estaci%C3%B3_del_Grau_de_Gandia.jpg,https://upload.wikimedia.org/wikipedia/commons/8/84/Antiga_estaci%C3%B3_del_Grau_de_Gandia.jpg,2026-07-15,aprobada,
grau-gandia-09,grau-gandia-09.jpg,grau-gandia-09.webp,grau-gandia-09-thumb.webp,06-grau,grau,Grau de Gandia,"El Grau de Gandia, barrio marinero junto al mar.","El Grau de Gandia, barrio marinero junto al mar.",4426,3071,JPEG,260610,f79f3d6f49e561ca82a776b0b4cc9dc44e3a9e1a7d28b5887a8f6a905f0525fa,cbd192f223a878cb,Joanbanjo,CC BY-SA 4.0,https://creativecommons.org/licenses/by-sa/4.0,Wikimedia Commons,https://commons.wikimedia.org/wiki/File:Carrer_d%27Eivissa_del_Grau_de_Gandia.jpg,https://upload.wikimedia.org/wikipedia/commons/6/61/Carrer_d%27Eivissa_del_Grau_de_Gandia.jpg,2026-07-15,aprobada,
grau-gandia-10,grau-gandia-10.jpg,grau-gandia-10.webp,grau-gandia-10-thumb.webp,06-grau,grau,Grau de Gandia,"El Grau de Gandia, barrio marinero junto al mar.","El Grau de Gandia, barrio marinero junto al mar.",4429,3034,JPEG,459436,21836ea66d0c6b9b8c9a378eefe6ae526854b0e089c81508466b736cd4fb41d2,a120e0d3adbd9c5e,Joanbanjo,CC BY-SA 4.0,https://creativecommons.org/licenses/by-sa/4.0,Wikimedia Commons,https://commons.wikimedia.org/wiki/File:%C3%80ncora_al_carrer_Nau_del_Grau_de_Gandia.jpg,https://upload.wikimedia.org/wikipedia/commons/f/fc/%C3%80ncora_al_carrer_Nau_del_Grau_de_Gandia.jpg,2026-07-15,aprobada,
grau-gandia-11,grau-gandia-11.jpg,grau-gandia-11.webp,grau-gandia-11-thumb.webp,06-grau,grau,Grau de Gandia,"El Grau de Gandia, barrio marinero junto al mar.","El Grau de Gandia, barrio marinero junto al mar.",2926,4517,JPEG,442594,e883dfbacc5ccc07e78bc00985ab7125417d6679fc45969add471b673326ce1c,fbf981815178396a,Joanbanjo,CC BY-SA 4.0,https://creativecommons.org/licenses/by-sa/4.0,Wikimedia Commons,"https://commons.wikimedia.org/wiki/File:Pont_sobre_el_riu_de_sant_Nicolau,_el_Grau_de_Gandia.jpg",https://upload.wikimedia.org/wikipedia/commons/6/60/Pont_sobre_el_riu_de_sant_Nicolau%2C_el_Grau_de_Gandia.jpg,2026-07-15,aprobada,
puerto-gandia-01,puerto-gandia-01.jpg,puerto-gandia-01.webp,puerto-gandia-01-thumb.webp,07-puerto,puerto,Puerto de Gandia,Puerto de Gandia con sus muelles e instalaciones pesqueras.,Puerto de Gandia con sus muelles e instalaciones pesqueras.,5847,3898,JPEG,371038,ca6690677d0e318d517104133ebaf0f0f5e27d641ebb8a12199e92fafe5b7715,a39c473f070378e3,Falk2,CC BY-SA 4.0,https://creativecommons.org/licenses/by-sa/4.0,Wikimedia Commons,"https://commons.wikimedia.org/wiki/File:J29_552_Gand%C3%ADa,_Innenhafen.jpg",https://upload.wikimedia.org/wikipedia/commons/9/9e/J29_552_Gand%C3%ADa%2C_Innenhafen.jpg,2026-07-15,aprobada,featured
puerto-gandia-02,puerto-gandia-02.jpg,puerto-gandia-02.webp,puerto-gandia-02-thumb.webp,07-puerto,puerto,Puerto de Gandia,Puerto de Gandia con sus muelles e instalaciones pesqueras.,Puerto de Gandia con sus muelles e instalaciones pesqueras.,3831,5746,JPEG,690726,4ed24d73acc40d3bb1cceef71ce8fac6ca1c8559ebf69b8ab40f6ec597669e9f,a65932e59a6699c6,Falk2,CC BY-SA 4.0,https://creativecommons.org/licenses/by-sa/4.0,Wikimedia Commons,"https://commons.wikimedia.org/wiki/File:J29_551_Gand%C3%ADa,_SS_Wodnik.jpg",https://upload.wikimedia.org/wikipedia/commons/4/4f/J29_551_Gand%C3%ADa%2C_SS_Wodnik.jpg,2026-07-15,aprobada,featured
puerto-gandia-03,puerto-gandia-03.jpg,puerto-gandia-03.webp,puerto-gandia-03-thumb.webp,07-puerto,tren,Puerto de Gandia,Puerto de Gandia con sus muelles e instalaciones pesqueras.,Puerto de Gandia con sus muelles e instalaciones pesqueras.,5600,3733,JPEG,411340,6f195cd86bff513e5b22e044912b2529f6402ec4b531827844736c54cfd04bf4,f9b6804f4e30b1cd,Falk2,CC BY-SA 4.0,https://creativecommons.org/licenses/by-sa/4.0,Wikimedia Commons,"https://commons.wikimedia.org/wiki/File:J29_538_Gand%C3%ADa_Puerto,_9_447_028.jpg",https://upload.wikimedia.org/wikipedia/commons/6/6e/J29_538_Gand%C3%ADa_Puerto%2C_9_447_028.jpg,2026-07-15,aprobada,featured
puerto-gandia-04,puerto-gandia-04.jpg,puerto-gandia-04.webp,puerto-gandia-04-thumb.webp,07-puerto,puerto,Puerto de Gandia,Puerto de Gandia con sus muelles e instalaciones pesqueras.,Puerto de Gandia con sus muelles e instalaciones pesqueras.,4752,3168,JPEG,269644,53426a9f6324ceb107a23b5b22b10cfebdf2e8645af7b8f8fbd6920be0d9f01f,f8c7c71c3ce9c806,velomartinez,CC BY-SA 3.0,https://creativecommons.org/licenses/by-sa/3.0,Wikimedia Commons,https://commons.wikimedia.org/wiki/File:Gand%C3%ADa_desde_el_puerto_-_panoramio.jpg,https://upload.wikimedia.org/wikipedia/commons/4/4d/Gand%C3%ADa_desde_el_puerto_-_panoramio.jpg,2026-07-15,aprobada,
puerto-gandia-05,puerto-gandia-05.jpg,puerto-gandia-05.webp,puerto-gandia-05-thumb.webp,07-puerto,puerto,Puerto de Gandia,Puerto de Gandia con sus muelles e instalaciones pesqueras.,Puerto de Gandia con sus muelles e instalaciones pesqueras.,4752,3168,JPEG,327228,2bc79aa0365ca334d948830a489c3d78f0cc58dbaf77c73d28f7eb19151a66b9,8af35c630df6c894,velomartinez,CC BY-SA 3.0,https://creativecommons.org/licenses/by-sa/3.0,Wikimedia Commons,https://commons.wikimedia.org/wiki/File:Gand%C3%ADa_desde_el_puerto_-_panoramio_(1).jpg,https://upload.wikimedia.org/wikipedia/commons/6/61/Gand%C3%ADa_desde_el_puerto_-_panoramio_%281%29.jpg,2026-07-15,aprobada,
puerto-gandia-06,puerto-gandia-06.jpg,puerto-gandia-06.webp,puerto-gandia-06-thumb.webp,07-puerto,puerto,Puerto de Gandia,Puerto de Gandia con sus muelles e instalaciones pesqueras.,Puerto de Gandia con sus muelles e instalaciones pesqueras.,4479,3354,JPEG,365664,73bd7909c9bb0ceb7def58057e54f429e064899d4951ddee869fcc3073494a10,d59ba482a9ac6979,Falk2,CC BY-SA 4.0,https://creativecommons.org/licenses/by-sa/4.0,Wikimedia Commons,"https://commons.wikimedia.org/wiki/File:J29_550_Gand%C3%ADa,_Hafen.jpg",https://upload.wikimedia.org/wikipedia/commons/7/78/J29_550_Gand%C3%ADa%2C_Hafen.jpg,2026-07-15,aprobada,
puerto-gandia-07,puerto-gandia-07.jpg,puerto-gandia-07.webp,puerto-gandia-07-thumb.webp,07-puerto,puerto,Puerto de Gandia,Puerto de Gandia con sus muelles e instalaciones pesqueras.,Puerto de Gandia con sus muelles e instalaciones pesqueras.,4494,3051,JPEG,227522,3fb5254dace84cc20034251efc52a3340500c09237f509741773dd84ec9e7b4b,81f4435fa45f6887,Joanbanjo,CC BY-SA 4.0,https://creativecommons.org/licenses/by-sa/4.0,Wikimedia Commons,"https://commons.wikimedia.org/wiki/File:Port_de_Gandia,_pescadors.jpg",https://upload.wikimedia.org/wikipedia/commons/9/92/Port_de_Gandia%2C_pescadors.jpg,2026-07-15,aprobada,
puerto-gandia-08,puerto-gandia-08.jpg,puerto-gandia-08.webp,puerto-gandia-08-thumb.webp,07-puerto,puerto,Puerto de Gandia,Puerto de Gandia con sus muelles e instalaciones pesqueras.,Puerto de Gandia con sus muelles e instalaciones pesqueras.,4511,3039,JPEG,255864,aca6fdf650f05d1d66a62a17f32f214600e7fcd0bd3ef2ddf6944adc9c92c0a4,85fa7a2d85d37824,Joanbanjo,CC BY-SA 4.0,https://creativecommons.org/licenses/by-sa/4.0,Wikimedia Commons,https://commons.wikimedia.org/wiki/File:El_port_de_Gandia_des_del_pont.jpg,https://upload.wikimedia.org/wikipedia/commons/1/1b/El_port_de_Gandia_des_del_pont.jpg,2026-07-15,aprobada,
puerto-gandia-09,puerto-gandia-09.jpg,puerto-gandia-09.webp,puerto-gandia-09-thumb.webp,07-puerto,puerto,Puerto de Gandia,Puerto de Gandia con sus muelles e instalaciones pesqueras.,Puerto de Gandia con sus muelles e instalaciones pesqueras.,4438,3071,JPEG,201492,662d5d993858e6832d7a1e5761e87c6150e89c127b6d2cb01c4f202feeb9f488,b5ea2aabd26710ca,Joanbanjo,CC BY-SA 4.0,https://creativecommons.org/licenses/by-sa/4.0,Wikimedia Commons,https://commons.wikimedia.org/wiki/File:Moll_i_coberts_del_port_de_Gandia.jpg,https://upload.wikimedia.org/wikipedia/commons/9/94/Moll_i_coberts_del_port_de_Gandia.jpg,2026-07-15,aprobada,
puerto-gandia-10,puerto-gandia-10.jpg,puerto-gandia-10.webp,puerto-gandia-10-thumb.webp,07-puerto,tinglados,Tinglados del puerto,Puerto de Gandia con sus muelles e instalaciones pesqueras.,Puerto de Gandia con sus muelles e instalaciones pesqueras.,4539,2998,JPEG,202944,284480f947d45d1584df068360548cd0129e667d274508775c8a30074e0403dd,afd3d4621c935c62,Joanbanjo,CC BY-SA 4.0,https://creativecommons.org/licenses/by-sa/4.0,Wikimedia Commons,https://commons.wikimedia.org/wiki/File:Coberts_del_port_de_Gandia_i_vies.jpg,https://upload.wikimedia.org/wikipedia/commons/0/09/Coberts_del_port_de_Gandia_i_vies.jpg,2026-07-15,aprobada,
puerto-gandia-11,puerto-gandia-11.jpg,puerto-gandia-11.webp,puerto-gandia-11-thumb.webp,07-puerto,puerto,Puerto de Gandia,Puerto de Gandia con sus muelles e instalaciones pesqueras.,Puerto de Gandia con sus muelles e instalaciones pesqueras.,4498,3006,JPEG,308432,d690abd65c2eb1c8974535a652f7bb0192bf44e247b837bc7e78e5c38307b5b4,97d23d254ad5b22a,Joanbanjo,CC BY-SA 4.0,https://creativecommons.org/licenses/by-sa/4.0,Wikimedia Commons,https://commons.wikimedia.org/wiki/File:Moll_pesquer_del_port_de_Gandia.jpg,https://upload.wikimedia.org/wikipedia/commons/b/b7/Moll_pesquer_del_port_de_Gandia.jpg,2026-07-15,aprobada,
puerto-gandia-12,puerto-gandia-12.jpg,puerto-gandia-12.webp,puerto-gandia-12-thumb.webp,07-puerto,puerto,Puerto de Gandia,Puerto de Gandia con sus muelles e instalaciones pesqueras.,Puerto de Gandia con sus muelles e instalaciones pesqueras.,4478,2997,JPEG,299916,82dfd3affeb1ebf9b72d296814c8a9f53642406ba5e9c77ddd6e7979c8225483,94c9732dd6d6250b,Joanbanjo,CC BY-SA 4.0,https://creativecommons.org/licenses/by-sa/4.0,Wikimedia Commons,"https://commons.wikimedia.org/wiki/File:Port_de_Gandia,_coberts_i_moll_pesquer.jpg",https://upload.wikimedia.org/wikipedia/commons/b/b4/Port_de_Gandia%2C_coberts_i_moll_pesquer.jpg,2026-07-15,aprobada,
puerto-gandia-13,puerto-gandia-13.jpg,puerto-gandia-13.webp,puerto-gandia-13-thumb.webp,07-puerto,tinglados,Tinglados del puerto,Puerto de Gandia con sus muelles e instalaciones pesqueras.,Puerto de Gandia con sus muelles e instalaciones pesqueras.,2933,4572,JPEG,245450,39865d497fd8782919db51c25a6effeb030e5ba6766b2e6995fda2ba3977ec02,886d52f625e37ad0,Joanbanjo,CC BY-SA 4.0,https://creativecommons.org/licenses/by-sa/4.0,Wikimedia Commons,https://commons.wikimedia.org/wiki/File:Coberts_del_port_de_Gandia.jpg,https://upload.wikimedia.org/wikipedia/commons/6/65/Coberts_del_port_de_Gandia.jpg,2026-07-15,aprobada,
puerto-gandia-14,puerto-gandia-14.jpg,puerto-gandia-14.webp,puerto-gandia-14-thumb.webp,07-puerto,puerto,Puerto de Gandia,Puerto de Gandia con sus muelles e instalaciones pesqueras.,Puerto de Gandia con sus muelles e instalaciones pesqueras.,3011,4450,JPEG,343660,7af2b9c05253d58fe349f99d71d86259868c064128e27955fa271469d128a721,c1f0de4d3212a5de,Joanbanjo,CC BY-SA 4.0,https://creativecommons.org/licenses/by-sa/4.0,Wikimedia Commons,"https://commons.wikimedia.org/wiki/File:Barques_del_moll_pesquer,_port_de_Gandia.jpg",https://upload.wikimedia.org/wikipedia/commons/d/d9/Barques_del_moll_pesquer%2C_port_de_Gandia.jpg,2026-07-15,aprobada,
puerto-gandia-15,puerto-gandia-15.jpg,puerto-gandia-15.webp,puerto-gandia-15-thumb.webp,07-puerto,tinglados,Tinglados del puerto,Puerto de Gandia con sus muelles e instalaciones pesqueras.,Puerto de Gandia con sus muelles e instalaciones pesqueras.,4340,3071,JPEG,249876,aa8153e4752770921b19026c8710f90ee73ee32fc79c63e2b8ca9c6e59aff04e,aa6ad84557583c67,Joanbanjo,CC BY-SA 4.0,https://creativecommons.org/licenses/by-sa/4.0,Wikimedia Commons,https://commons.wikimedia.org/wiki/File:Interior_d%27un_cobert_del_port_de_Gandia.jpg,https://upload.wikimedia.org/wikipedia/commons/a/ad/Interior_d%27un_cobert_del_port_de_Gandia.jpg,2026-07-15,aprobada,
puerto-gandia-16,puerto-gandia-16.jpg,puerto-gandia-16.webp,puerto-gandia-16-thumb.webp,07-puerto,tinglados,Tinglados del puerto,Puerto de Gandia con sus muelles e instalaciones pesqueras.,Puerto de Gandia con sus muelles e instalaciones pesqueras.,4393,3030,JPEG,175374,fe1b43bc26250c59c90b133256290dfb8a0bb81d42b3408441242c6c5ed85950,ab2aaa29ba2d6d15,Joanbanjo,CC BY-SA 4.0,https://creativecommons.org/licenses/by-sa/4.0,Wikimedia Commons,https://commons.wikimedia.org/wiki/File:Gat_a_un_cobert_del_port_de_Gandia.jpg,https://upload.wikimedia.org/wikipedia/commons/7/7b/Gat_a_un_cobert_del_port_de_Gandia.jpg,2026-07-15,aprobada,
puerto-gandia-17,puerto-gandia-17.jpg,puerto-gandia-17.webp,puerto-gandia-17-thumb.webp,07-puerto,tinglados,Tinglados del puerto,Puerto de Gandia con sus muelles e instalaciones pesqueras.,Puerto de Gandia con sus muelles e instalaciones pesqueras.,4417,2990,JPEG,148856,7ad6defdfa69eb8acbe594c01e5306081f41f61b5b6f3af20ac1b5037e2989e7,fe01fe815caa915a,Joanbanjo,CC BY-SA 4.0,https://creativecommons.org/licenses/by-sa/4.0,Wikimedia Commons,https://commons.wikimedia.org/wiki/File:Fanal_als_coberts_del_port_de_Gandia.jpg,https://upload.wikimedia.org/wikipedia/commons/b/b7/Fanal_als_coberts_del_port_de_Gandia.jpg,2026-07-15,aprobada,
puerto-gandia-18,puerto-gandia-18.jpg,puerto-gandia-18.webp,puerto-gandia-18-thumb.webp,07-puerto,puerto,Puerto de Gandia,Puerto de Gandia con sus muelles e instalaciones pesqueras.,Puerto de Gandia con sus muelles e instalaciones pesqueras.,4450,2958,JPEG,499442,e25205b2a273b69562d7da1f82d9e2d4388a2e5d6c6d91e1a2eff58361657184,9ada9007e6e0c37d,Joanbanjo,CC BY-SA 4.0,https://creativecommons.org/licenses/by-sa/4.0,Wikimedia Commons,https://commons.wikimedia.org/wiki/File:Maromes_al_port_del_Grau_de_Gandia.jpg,https://upload.wikimedia.org/wikipedia/commons/f/f8/Maromes_al_port_del_Grau_de_Gandia.jpg,2026-07-15,aprobada,
puerto-gandia-19,puerto-gandia-19.jpg,puerto-gandia-19.webp,puerto-gandia-19-thumb.webp,07-puerto,tinglados,Tinglados del puerto,Puerto de Gandia con sus muelles e instalaciones pesqueras.,Puerto de Gandia con sus muelles e instalaciones pesqueras.,2921,4487,JPEG,358178,d793a88011b9697b97c212b7a647272085abff90c1746429e37522c3fdab8beb,fb2e0cd1454173f2,Joanbanjo,CC BY-SA 4.0,https://creativecommons.org/licenses/by-sa/4.0,Wikimedia Commons,https://commons.wikimedia.org/wiki/File:Detall_del_mur_dels_coberts_del_port_de_Gandia.jpg,https://upload.wikimedia.org/wikipedia/commons/c/ce/Detall_del_mur_dels_coberts_del_port_de_Gandia.jpg,2026-07-15,aprobada,
puerto-gandia-20,puerto-gandia-20.jpg,puerto-gandia-20.webp,puerto-gandia-20-thumb.webp,07-puerto,puerto,Puerto de Gandia,Puerto de Gandia con sus muelles e instalaciones pesqueras.,Puerto de Gandia con sus muelles e instalaciones pesqueras.,4000,3000,JPEG,251056,656ab0fffdd22be754c9670f5230b58c0c06feb53c11aa722c22839f29ef07c8,f7bf684c9091236c,Khan.gesta,CC BY-SA 4.0,https://creativecommons.org/licenses/by-sa/4.0,Wikimedia Commons,https://commons.wikimedia.org/wiki/File:Grau_de_Gandia.jpg,https://upload.wikimedia.org/wikipedia/commons/8/85/Grau_de_Gandia.jpg,2026-07-15,aprobada,
puerto-gandia-21,puerto-gandia-21.jpg,puerto-gandia-21.webp,puerto-gandia-21-thumb.webp,07-puerto,puerto,Puerto de Gandia,Puerto de Gandia con sus muelles e instalaciones pesqueras.,Puerto de Gandia con sus muelles e instalaciones pesqueras.,4324,1284,JPEG,154452,cd7f77575463edcaac90f6c9483995acfe4a1385861e9df7bba899a3e4f47d09,8df41729c9d6489d,Marnal,CC0,http://creativecommons.org/publicdomain/zero/1.0/deed.en,Wikimedia Commons,https://commons.wikimedia.org/wiki/File:Gandiapuerto.jpg,https://upload.wikimedia.org/wikipedia/commons/a/af/Gandiapuerto.jpg,2026-07-15,aprobada,
puerto-gandia-22,puerto-gandia-22.jpg,puerto-gandia-22.webp,puerto-gandia-22-thumb.webp,07-puerto,tinglados,Tinglados del puerto,Puerto de Gandia con sus muelles e instalaciones pesqueras.,Puerto de Gandia con sus muelles e instalaciones pesqueras.,2048,1536,JPEG,85532,212be28deac3fbf942febfb352804798014155a8cb497980b81b5a19c03343a7,db4c6671480f5772,Resped,CC BY-SA 3.0,http://creativecommons.org/licenses/by-sa/3.0/,Wikimedia Commons,https://commons.wikimedia.org/wiki/File:Nidos.jpg,https://upload.wikimedia.org/wikipedia/commons/c/c1/Nidos.jpg,2026-07-15,aprobada,
puerto-gandia-23,puerto-gandia-23.jpg,puerto-gandia-23.webp,puerto-gandia-23-thumb.webp,07-puerto,tinglados,Tinglados del puerto,Puerto de Gandia con sus muelles e instalaciones pesqueras.,Puerto de Gandia con sus muelles e instalaciones pesqueras.,2048,1536,JPEG,100260,a2ee2c2e160ce5c66ab23d9812f8bcc63740b7e7977ec667d195d2a02ce1744d,c8216c94c4f36fab,Resped,CC BY-SA 3.0,http://creativecommons.org/licenses/by-sa/3.0/,Wikimedia Commons,https://commons.wikimedia.org/wiki/File:Nidos2.jpg,https://upload.wikimedia.org/wikipedia/commons/0/0c/Nidos2.jpg,2026-07-15,aprobada,
puerto-gandia-24,puerto-gandia-24.jpg,puerto-gandia-24.webp,puerto-gandia-24-thumb.webp,07-puerto,puerto,Puerto de Gandia,Puerto de Gandia con sus muelles e instalaciones pesqueras.,Puerto de Gandia con sus muelles e instalaciones pesqueras.,1759,1170,JPEG,153776,feb540fad1ae16af115f20a166f1f2f5bcfeaaa6dc15bcea629f604b3e2d1841,fcc3923cc71a30cd,Niels Johannes,CC BY-SA 4.0,https://creativecommons.org/licenses/by-sa/4.0,Wikimedia Commons,https://commons.wikimedia.org/wiki/File:Dependent_(IMO_9213997).jpg,https://upload.wikimedia.org/wikipedia/commons/1/1d/Dependent_%28IMO_9213997%29.jpg,2026-07-15,aprobada,
grau-gandia-canal-01,grau-gandia-canal-01.jpg,grau-gandia-canal-01.webp,grau-gandia-canal-01-thumb.webp,08-canal-barcos,barcos,Puerto de Gandia,Canal del Grau de Gandia con embarcaciones junto al agua.,Canal del Grau de Gandia con embarcaciones junto al agua.,2304,1728,JPEG,258756,ed2647ffb0cdeb0719eb0eaf23795ed5d22f36b25e14158335ba0178e0694930,bfa182d8cc25bc36,AmigoDeBusesEMT3,CC BY 2.0,https://creativecommons.org/licenses/by/2.0/,Openverse/wikimedia,https://commons.wikimedia.org/w/index.php?curid=64597992,https://upload.wikimedia.org/wikipedia/commons/2/24/La_Marina_Gandiense_%28Transvia%29_67_-_Scania_L94UB_Hispano_Habit.jpg,2026-07-15,aprobada,featured
playa-gandia-01,playa-gandia-01.jpg,playa-gandia-01.webp,playa-gandia-01-thumb.webp,09-playa,tren,Playa de Gandia,Playa de Gandia con su amplia franja de arena junto al Mediterráneo.,Playa de Gandia con su amplia franja de arena junto al Mediterráneo.,5604,3736,JPEG,401050,bc4c91268e6790836915699cb8d6ebfbd4e6a9bac7ab38e3bad5c0f783f56754,8bdbf0d28635318e,Falk2,CC BY-SA 4.0,https://creativecommons.org/licenses/by-sa/4.0,Wikimedia Commons,"https://commons.wikimedia.org/wiki/File:J29_543_Hp_Playa_de_Gand%C3%ADa,_9_447_027.jpg",https://upload.wikimedia.org/wikipedia/commons/4/49/J29_543_Hp_Playa_de_Gand%C3%ADa%2C_9_447_027.jpg,2026-07-15,aprobada,featured
playa-gandia-02,playa-gandia-02.jpg,playa-gandia-02.webp,playa-gandia-02-thumb.webp,09-playa,playa,Playa de Gandia,Playa de Gandia con su amplia franja de arena junto al Mediterráneo.,Playa de Gandia con su amplia franja de arena junto al Mediterráneo.,4624,3468,JPEG,202896,e3e8bfeb1448626e6d89a01ba3026a23f35b7c64ed1e614823f468000377c6fc,80eb7f2187cf5630,Marnal,CC0,http://creativecommons.org/publicdomain/zero/1.0/deed.en,Wikimedia Commons,https://commons.wikimedia.org/wiki/File:Platjanordgandia.jpg,https://upload.wikimedia.org/wikipedia/commons/0/08/Platjanordgandia.jpg,2026-07-15,aprobada,featured
playa-gandia-03,playa-gandia-03.jpg,playa-gandia-03.webp,playa-gandia-03-thumb.webp,09-playa,playa,Playa de Gandia,Playa de Gandia con su amplia franja de arena junto al Mediterráneo.,Playa de Gandia con su amplia franja de arena junto al Mediterráneo.,4608,3072,JPEG,265504,fbd19eba989582911b0464fb8a5cbdcc51217c1845ed579e1b29abe2bb7ae215,9ba50e5769a39e50,Joanbanjo,CC BY SA 4.0,https://creativecommons.org/licenses/by-sa/4.0/,Openverse/wikimedia,https://commons.wikimedia.org/w/index.php?curid=191616573,https://upload.wikimedia.org/wikipedia/commons/e/e2/Passarel%C2%B7la_sobre_les_dunes%2C_platja_de_l%27Auir%2C_Gandia.jpg,2026-07-15,aprobada,
playa-gandia-04,playa-gandia-04.jpg,playa-gandia-04.webp,playa-gandia-04-thumb.webp,09-playa,playa,Playa de Gandia,Playa de Gandia con su amplia franja de arena junto al Mediterráneo.,Playa de Gandia con su amplia franja de arena junto al Mediterráneo.,4608,3072,JPEG,146994,451ca473688ae963f5061b63baf3b1dff3bc245db2197d2963be70154ac3dadd,80396e5f0182de7f,Joanbanjo,CC BY SA 4.0,https://creativecommons.org/licenses/by-sa/4.0/,Openverse/wikimedia,https://commons.wikimedia.org/w/index.php?curid=191614010,https://upload.wikimedia.org/wikipedia/commons/0/01/Platja_de_l%27Auir%2C_Gandia%2C_la_Safor.jpg,2026-07-15,aprobada,
playa-gandia-05,playa-gandia-05.jpg,playa-gandia-05.webp,playa-gandia-05-thumb.webp,09-playa,playa,Playa de Gandia,Playa de Gandia con su amplia franja de arena junto al Mediterráneo.,Playa de Gandia con su amplia franja de arena junto al Mediterráneo.,4608,3072,JPEG,251644,db1384822c81b09a80406477a2e6fcbfc4b67c0a4ea21f1a391bdf221bfb7a30,8ab3bc2e1b0306fd,Joanbanjo,CC BY SA 4.0,https://creativecommons.org/licenses/by-sa/4.0/,Openverse/wikimedia,https://commons.wikimedia.org/w/index.php?curid=191608903,https://upload.wikimedia.org/wikipedia/commons/9/91/Vora_de_la_platja_de_l%27Auir%2C_Gandia.jpg,2026-07-15,aprobada,
playa-gandia-06,playa-gandia-06.jpg,playa-gandia-06.webp,playa-gandia-06-thumb.webp,09-playa,playa,Playa de Gandia,Playa de Gandia con su amplia franja de arena junto al Mediterráneo.,Playa de Gandia con su amplia franja de arena junto al Mediterráneo.,4608,3072,JPEG,155716,bdb5115fbe1015db7c2118ce8d44e5bf57c7e4120e26987a9f62e6be54a12cdb,d22d655a25ddca16,Joanbanjo,CC BY SA 4.0,https://creativecommons.org/licenses/by-sa/4.0/,Openverse/wikimedia,https://commons.wikimedia.org/w/index.php?curid=191614600,https://upload.wikimedia.org/wikipedia/commons/a/a9/Platja_de_l%27Auir%2C_Gandia%2C_la_Safor%2C_Pa%C3%ADs_Valenci%C3%A0.jpg,2026-07-15,aprobada,
playa-gandia-07,playa-gandia-07.jpg,playa-gandia-07.webp,playa-gandia-07-thumb.webp,09-playa,playa,Playa de Gandia,Playa de Gandia con su amplia franja de arena junto al Mediterráneo.,Playa de Gandia con su amplia franja de arena junto al Mediterráneo.,4440,3072,JPEG,194552,b05449ba8a6b59f5c6917ebaf2fb139c53de4aae095b8208ad7eeb56f9773b4d,a65b9c2d9a6788cc,Joanbanjo,CC BY SA 4.0,https://creativecommons.org/licenses/by-sa/4.0/,Openverse/wikimedia,https://commons.wikimedia.org/w/index.php?curid=191614308,https://upload.wikimedia.org/wikipedia/commons/c/cb/Senyal_al_cam%C3%AD_de_la_platja_de_l%27Auir%2C_Gandia.jpg,2026-07-15,aprobada,
playa-gandia-08,playa-gandia-08.jpg,playa-gandia-08.webp,playa-gandia-08-thumb.webp,09-playa,playa,Playa de Gandia,Playa de Gandia con su amplia franja de arena junto al Mediterráneo.,Playa de Gandia con su amplia franja de arena junto al Mediterráneo.,4032,3024,JPEG,357678,fc3ed48f79715f60acd8798693bbe9efc04fa99f45abd121ef76896971bbab3e,b72843952a5fa65c,Er Carota,CC0 1.0,https://creativecommons.org/publicdomain/zero/1.0/deed.en/,Openverse/wikimedia,https://commons.wikimedia.org/w/index.php?curid=152547154,https://upload.wikimedia.org/wikipedia/commons/b/b6/Playa_de_Gandia.jpg,2026-07-15,aprobada,
playa-gandia-09,playa-gandia-09.jpg,playa-gandia-09.webp,playa-gandia-09-thumb.webp,09-playa,playa,Playa de Gandia,Playa de Gandia con su amplia franja de arena junto al Mediterráneo.,Playa de Gandia con su amplia franja de arena junto al Mediterráneo.,3712,2088,JPEG,237064,5c47b934b8e578c90a36cd1dd08423a40426842639aa5ea37bfaf97984b5f6bd,d79600612b3fb58d,"Kazbadat, Kalim Badat",CC BY-SA 3.0,https://creativecommons.org/licenses/by-sa/3.0,Wikimedia Commons,https://commons.wikimedia.org/wiki/File:Gandia_Beach.jpg,https://upload.wikimedia.org/wikipedia/commons/7/7f/Gandia_Beach.jpg,2026-07-15,aprobada,
playa-gandia-10,playa-gandia-10.jpg,playa-gandia-10.webp,playa-gandia-10-thumb.webp,09-playa,torre,Playa de Gandia,Torre de socorrismo azul y blanca en la Playa de Gandia a plena luz del día.,Torre de socorrismo azul y blanca en la Playa de Gandia a plena luz del día.,2400,1800,JPEG,142284,d75a7dd9018f725db7384c811e157c1ae5a5ab08e934efc4528b0540a6ff4bf6,95b19112794fdcd8,Aldo De Pascale,Unsplash License,https://unsplash.com/license,Unsplash,https://unsplash.com/photos/ElwARem9dqM,https://images.unsplash.com/photo-1614809149631-0ff4ac49fae1?q=90&w=2400&fm=jpg&fit=max,2026-07-15,aprobada,
playa-gandia-11,playa-gandia-11.jpg,playa-gandia-11.webp,playa-gandia-11-thumb.webp,09-playa,palmeras,Platja de Gandia,Playa de arena de Gandia con palmeras alineadas bajo un cielo azul despejado.,Playa de arena de Gandia con palmeras alineadas bajo un cielo azul despejado.,2400,1800,JPEG,745918,8579519dea641cd29a2cd2c9608eebffb2343dd497020d02c293e8a8dc363d55,cf1e7113eac82d34,Mark van Jaarsveld,Unsplash License,https://unsplash.com/license,Unsplash,https://unsplash.com/photos/sGIzQWhsq9g,https://images.unsplash.com/photo-1645960716730-54ec82653b2a?q=90&w=2400&fm=jpg&fit=max,2026-07-15,aprobada,
playa-gandia-12,playa-gandia-12.jpg,playa-gandia-12.webp,playa-gandia-12-thumb.webp,09-playa,playa,Playa de Gandia,Playa de Gandia con su amplia franja de arena junto al Mediterráneo.,Playa de Gandia con su amplia franja de arena junto al Mediterráneo.,1856,2256,JPEG,947374,20733f9a81ac9c32d6d0997a843b910378e25e7c0238ff5db715e2f828a5b1ae,b7658f91ee004967,Jaiserpe,CC BY-SA 4.0,https://creativecommons.org/licenses/by-sa/4.0,Wikimedia Commons,https://commons.wikimedia.org/wiki/File:Dunas_Safor_Gandia_Primavera_Turismo_Sostenible.jpg,https://upload.wikimedia.org/wikipedia/commons/9/92/Dunas_Safor_Gandia_Primavera_Turismo_Sostenible.jpg,2026-07-15,aprobada,
playa-gandia-13,playa-gandia-13.jpg,playa-gandia-13.webp,playa-gandia-13-thumb.webp,09-playa,playa,Playa de Gandia,Playa de Gandia con su amplia franja de arena junto al Mediterráneo.,Playa de Gandia con su amplia franja de arena junto al Mediterráneo.,1600,1200,JPEG,111776,276e42805567a52f5ba72792b3f09820475898110ca68dfa827c97c2d4198685,c6d3a58519734679,mfapanoramico,CC BY 3.0,https://creativecommons.org/licenses/by/3.0,Wikimedia Commons,"https://commons.wikimedia.org/wiki/File:Playa_de_Gandia,_atardecer_-_panoramio.jpg",https://upload.wikimedia.org/wikipedia/commons/5/59/Playa_de_Gandia%2C_atardecer_-_panoramio.jpg,2026-07-15,aprobada,
playa-gandia-14,playa-gandia-14.jpg,playa-gandia-14.webp,playa-gandia-14-thumb.webp,09-playa,playa,Playa de Gandia,Playa de Gandia con su amplia franja de arena junto al Mediterráneo.,Playa de Gandia con su amplia franja de arena junto al Mediterráneo.,1600,1200,JPEG,107240,0fd88973aee07013a4fbe80e3000cdd115c8ead48b7e80846043eb4317b40358,83bf3450b58e0b6b,Alexcyv37,Public domain,,Wikimedia Commons,https://commons.wikimedia.org/wiki/File:Playa_de_Gand%C3%ADa.JPG,https://upload.wikimedia.org/wikipedia/commons/b/b6/Playa_de_Gand%C3%ADa.JPG,2026-07-15,aprobada,
playa-gandia-paseo-01,playa-gandia-paseo-01.jpg,playa-gandia-paseo-01.webp,playa-gandia-paseo-01-thumb.webp,10-paseo-maritimo,terrazas,Playa de Gandia,Zona de hamacas y terrazas en la Playa de Gandia junto al paseo marítimo.,Zona de hamacas y terrazas en la Playa de Gandia junto al paseo marítimo.,2400,1350,JPEG,215522,f2c154fca4cb92eb79fee6416ba86ac10971029981d6b532ba6ee156eb918c50,8101ff3f50c72771,Aldo De Pascale,Unsplash License,https://unsplash.com/license,Unsplash,https://unsplash.com/photos/EyufqFs5r4o,https://images.unsplash.com/photo-1660827850989-e3f5ac69b58a?q=90&w=2400&fm=jpg&fit=max,2026-07-15,aprobada,featured
platja-lauir-gandia-01,platja-lauir-gandia-01.jpg,platja-lauir-gandia-01.webp,platja-lauir-gandia-01-thumb.webp,11-lauir-venecia-rafalcaid,lauir,Platja de l'Auir,"Platja de l'Auir de Gandia, playa natural con dunas.","Platja de l'Auir de Gandia, playa natural con dunas.",5184,3888,MPO,87990,32b1f1cc607316b4d3c67f33e868e5dd714b4a6fbd202e47fbbb95d9139071d0,d4d32bced43189e2,Josep Emili Arias Miñana,CC BY-SA 4.0,https://creativecommons.org/licenses/by-sa/4.0,Wikimedia Commons,"https://commons.wikimedia.org/wiki/File:Dunas_en_la_playa_de_L%27Ahuir,_litoral_de_Gand%C3%ADa_(Valencia).jpg",https://upload.wikimedia.org/wikipedia/commons/f/f6/Dunas_en_la_playa_de_L%27Ahuir%2C_litoral_de_Gand%C3%ADa_%28Valencia%29.jpg,2026-07-15,aprobada,featured
platja-lauir-gandia-02,platja-lauir-gandia-02.jpg,platja-lauir-gandia-02.webp,platja-lauir-gandia-02-thumb.webp,11-lauir-venecia-rafalcaid,lauir,Platja de l'Auir,"Platja de l'Auir de Gandia, playa natural con dunas.","Platja de l'Auir de Gandia, playa natural con dunas.",4608,3072,JPEG,357602,60a3cf787eddfedf71c3604069856b9ddccc2a2beb89fae9d00a7b9b439fdd4e,9ea9275a21deb00f,Joanbanjo,CC BY-SA 4.0,https://creativecommons.org/licenses/by-sa/4.0,Wikimedia Commons,https://commons.wikimedia.org/wiki/File:Dunes_de_l%27Auir_amb_la_mar_al_fons.jpg,https://upload.wikimedia.org/wikipedia/commons/0/00/Dunes_de_l%27Auir_amb_la_mar_al_fons.jpg,2026-07-15,aprobada,
platja-lauir-gandia-03,platja-lauir-gandia-03.jpg,platja-lauir-gandia-03.webp,platja-lauir-gandia-03-thumb.webp,11-lauir-venecia-rafalcaid,lauir,Platja de l'Auir,"Platja de l'Auir de Gandia, playa natural con dunas.","Platja de l'Auir de Gandia, playa natural con dunas.",4608,3072,JPEG,501334,93503030c2194d287b79df36ca78412b90181d5350149c8c37aaa504b1239f2d,af842b507d06fb94,Joanbanjo,CC BY-SA 4.0,https://creativecommons.org/licenses/by-sa/4.0,Wikimedia Commons,"https://commons.wikimedia.org/wiki/File:Dunes_de_la_platja_de_l%27Auir,_la_Safor.jpg",https://upload.wikimedia.org/wikipedia/commons/e/ed/Dunes_de_la_platja_de_l%27Auir%2C_la_Safor.jpg,2026-07-15,aprobada,
platja-lauir-gandia-04,platja-lauir-gandia-04.jpg,platja-lauir-gandia-04.webp,platja-lauir-gandia-04-thumb.webp,11-lauir-venecia-rafalcaid,lauir,Platja de l'Auir,"Platja de l'Auir de Gandia, playa natural con dunas.","Platja de l'Auir de Gandia, playa natural con dunas.",4608,3072,JPEG,962072,9d9cf8a9a573427bd0b18137f203ac648341846efc49b66db9d858135480f372,cd5e3289d5563629,Joanbanjo,CC BY-SA 4.0,https://creativecommons.org/licenses/by-sa/4.0,Wikimedia Commons,"https://commons.wikimedia.org/wiki/File:Dunes_de_la_platja_de_l%27Auir,_vegetaci%C3%B3.jpg",https://upload.wikimedia.org/wikipedia/commons/7/7d/Dunes_de_la_platja_de_l%27Auir%2C_vegetaci%C3%B3.jpg,2026-07-15,aprobada,
platja-lauir-gandia-05,platja-lauir-gandia-05.jpg,platja-lauir-gandia-05.webp,platja-lauir-gandia-05-thumb.webp,11-lauir-venecia-rafalcaid,lauir,Platja de l'Auir,"Platja de l'Auir de Gandia, playa natural con dunas.","Platja de l'Auir de Gandia, playa natural con dunas.",4608,3072,JPEG,189230,61f0c9e156bcf5a450ed7a395973a818187a3ed8f9fc4d7bf71dec43e5932a1a,cf52670f42cdb21c,Joanbanjo,CC BY-SA 4.0,https://creativecommons.org/licenses/by-sa/4.0,Wikimedia Commons,https://commons.wikimedia.org/wiki/File:Dunes_i_platja_de_l%27Auir.jpg,https://upload.wikimedia.org/wikipedia/commons/a/ab/Dunes_i_platja_de_l%27Auir.jpg,2026-07-15,aprobada,
platja-lauir-gandia-06,platja-lauir-gandia-06.jpg,platja-lauir-gandia-06.webp,platja-lauir-gandia-06-thumb.webp,11-lauir-venecia-rafalcaid,lauir,Platja de l'Auir,"Platja de l'Auir de Gandia, playa natural con dunas.","Platja de l'Auir de Gandia, playa natural con dunas.",4608,3072,JPEG,121984,d77c0f1921db6b16f6bc420b23d12f287d8475679f73f25cdd988a15bab52522,822b3c1736ddec23,Joanbanjo,CC BY-SA 4.0,https://creativecommons.org/licenses/by-sa/4.0,Wikimedia Commons,"https://commons.wikimedia.org/wiki/File:Gandia,_platja_de_l%27Auir.jpg",https://upload.wikimedia.org/wikipedia/commons/a/ad/Gandia%2C_platja_de_l%27Auir.jpg,2026-07-15,aprobada,
platja-lauir-gandia-07,platja-lauir-gandia-07.jpg,platja-lauir-gandia-07.webp,platja-lauir-gandia-07-thumb.webp,11-lauir-venecia-rafalcaid,lauir,Platja de l'Auir,"Platja de l'Auir de Gandia, playa natural con dunas.","Platja de l'Auir de Gandia, playa natural con dunas.",4608,3072,JPEG,161962,aa82b291143c91cc37dec1cf2f230aca10bcc9b3a18795c6a229c47e337d60b4,d42b56552ad6a95a,Joanbanjo,CC BY-SA 4.0,https://creativecommons.org/licenses/by-sa/4.0,Wikimedia Commons,https://commons.wikimedia.org/wiki/File:La_platja_de_l%27Auir.jpg,https://upload.wikimedia.org/wikipedia/commons/e/eb/La_platja_de_l%27Auir.jpg,2026-07-15,aprobada,
platja-lauir-gandia-08,platja-lauir-gandia-08.jpg,platja-lauir-gandia-08.webp,platja-lauir-gandia-08-thumb.webp,11-lauir-venecia-rafalcaid,lauir,Platja de l'Auir,"Platja de l'Auir de Gandia, playa natural con dunas.","Platja de l'Auir de Gandia, playa natural con dunas.",4608,3072,JPEG,160914,a362434248058ff3ee3d454ccea7a2d72f19349baaafe0599e3308cd23a9519c,902b464739bac74f,Joanbanjo,CC BY-SA 4.0,https://creativecommons.org/licenses/by-sa/4.0,Wikimedia Commons,"https://commons.wikimedia.org/wiki/File:Mond%C3%BAver_al_fons,_platja_de_l%27Auir.jpg",https://upload.wikimedia.org/wikipedia/commons/a/ab/Mond%C3%BAver_al_fons%2C_platja_de_l%27Auir.jpg,2026-07-15,aprobada,
platja-lauir-gandia-09,platja-lauir-gandia-09.jpg,platja-lauir-gandia-09.webp,platja-lauir-gandia-09-thumb.webp,11-lauir-venecia-rafalcaid,lauir,Platja de l'Auir,"Platja de l'Auir de Gandia, playa natural con dunas.","Platja de l'Auir de Gandia, playa natural con dunas.",4585,3072,JPEG,153290,82de68e2b3d3bac2e1457a88419df4f705b280463300dce9011a19bcb105f7da,d926b3196619a6d9,Joanbanjo,CC BY-SA 4.0,https://creativecommons.org/licenses/by-sa/4.0,Wikimedia Commons,https://commons.wikimedia.org/wiki/File:Dutxa_a_la_platja_de_l%27Auir.jpg,https://upload.wikimedia.org/wikipedia/commons/5/5b/Dutxa_a_la_platja_de_l%27Auir.jpg,2026-07-15,aprobada,
platja-lauir-gandia-10,platja-lauir-gandia-10.jpg,platja-lauir-gandia-10.webp,platja-lauir-gandia-10-thumb.webp,11-lauir-venecia-rafalcaid,lauir,Platja de l'Auir,"Platja de l'Auir de Gandia, playa natural con dunas.","Platja de l'Auir de Gandia, playa natural con dunas.",4516,3011,JPEG,325396,ae33f92f0c7432de6b37fcfd05caa19e99d4e58b091554b4208fee155242eca2,d16a3d946ac34f85,Joanbanjo,CC BY-SA 4.0,https://creativecommons.org/licenses/by-sa/4.0,Wikimedia Commons,"https://commons.wikimedia.org/wiki/File:Panell_informatiu_sobre_el_corriol_camanegre,_platja_de_l%27Auir.jpg",https://upload.wikimedia.org/wikipedia/commons/f/fb/Panell_informatiu_sobre_el_corriol_camanegre%2C_platja_de_l%27Auir.jpg,2026-07-15,aprobada,
marjal-gandia-01,marjal-gandia-01.jpg,marjal-gandia-01.webp,marjal-gandia-01-thumb.webp,12-marjal-naturaleza,marjal,Marjal de Gandia,"Marjal de Gandia, humedal protegido de la Safor.","Marjal de Gandia, humedal protegido de la Safor.",4608,3072,JPEG,774156,d42450e29698222f773f98c2dbebab21eea28c78513cf7d72d8855a9ccf997dc,d6a6916929ba09fc,Joanbanjo,CC BY-SA 4.0,https://creativecommons.org/licenses/by-sa/4.0,Wikimedia Commons,"https://commons.wikimedia.org/wiki/File:Arbres_al_costat_de_la_s%C3%A9quia_de_l%27Escorredor_de_Xeresa,_marjal_de_la_Safor.jpg",https://upload.wikimedia.org/wikipedia/commons/8/8f/Arbres_al_costat_de_la_s%C3%A9quia_de_l%27Escorredor_de_Xeresa%2C_marjal_de_la_Safor.jpg,2026-07-15,aprobada,featured
marjal-gandia-02,marjal-gandia-02.jpg,marjal-gandia-02.webp,marjal-gandia-02-thumb.webp,12-marjal-naturaleza,marjal,Marjal de Gandia,"Marjal de Gandia, humedal protegido de la Safor.","Marjal de Gandia, humedal protegido de la Safor.",4608,3072,JPEG,490834,fa293161cc4913c26e072a73d31f4559a0d8eb635ce0950f1f1735fa6027844b,b54876596c23a9b6,Joanbanjo,CC BY-SA 4.0,https://creativecommons.org/licenses/by-sa/4.0,Wikimedia Commons,"https://commons.wikimedia.org/wiki/File:Bassa_al_costat_del_cam%C3%AD_dels_Marenys,_marjal_de_la_Safor.jpg",https://upload.wikimedia.org/wikipedia/commons/8/81/Bassa_al_costat_del_cam%C3%AD_dels_Marenys%2C_marjal_de_la_Safor.jpg,2026-07-15,aprobada,
marjal-gandia-03,marjal-gandia-03.jpg,marjal-gandia-03.webp,marjal-gandia-03-thumb.webp,12-marjal-naturaleza,marjal,Marjal de Gandia,"Marjal de Gandia, humedal protegido de la Safor.","Marjal de Gandia, humedal protegido de la Safor.",4608,3072,JPEG,1069288,0ccc715310a222618922b4050b96e1c883673fd2432dfe6c48ec288db3e4bcc6,b688cd3baee41d21,Joanbanjo,CC BY-SA 4.0,https://creativecommons.org/licenses/by-sa/4.0,Wikimedia Commons,"https://commons.wikimedia.org/wiki/File:Bassa_amb_lliris,_marjal_de_la_Safor.jpg",https://upload.wikimedia.org/wikipedia/commons/8/8b/Bassa_amb_lliris%2C_marjal_de_la_Safor.jpg,2026-07-15,aprobada,
marjal-gandia-04,marjal-gandia-04.jpg,marjal-gandia-04.webp,marjal-gandia-04-thumb.webp,12-marjal-naturaleza,marjal,Marjal de Gandia,"Marjal de Gandia, humedal protegido de la Safor.","Marjal de Gandia, humedal protegido de la Safor.",4608,3072,JPEG,673296,355ff0953101328f003aae01d4c6afcb3e97d99bae598d108f40859fcf2428e6,cde90004567dfd4d,Joanbanjo,CC BY-SA 4.0,https://creativecommons.org/licenses/by-sa/4.0,Wikimedia Commons,"https://commons.wikimedia.org/wiki/File:Cam%C3%AD_al_costat_de_la_s%C3%A9quia_de_l%27Escorredor_de_Xeresa,_marjal_de_la_Safor.jpg",https://upload.wikimedia.org/wikipedia/commons/8/83/Cam%C3%AD_al_costat_de_la_s%C3%A9quia_de_l%27Escorredor_de_Xeresa%2C_marjal_de_la_Safor.jpg,2026-07-15,aprobada,
marjal-gandia-05,marjal-gandia-05.jpg,marjal-gandia-05.webp,marjal-gandia-05-thumb.webp,12-marjal-naturaleza,marjal,Marjal de Gandia,"Marjal de Gandia, humedal protegido de la Safor.","Marjal de Gandia, humedal protegido de la Safor.",4608,3072,JPEG,328138,736382df00352a8f341f6035c94c16414ada7335dda7d034808a881bc1592b18,f0875e61079f6661,Joanbanjo,CC BY-SA 4.0,https://creativecommons.org/licenses/by-sa/4.0,Wikimedia Commons,"https://commons.wikimedia.org/wiki/File:Cam%C3%AD_dels_Marenys_i_bassa,_marjal_de_la_Safor.jpg",https://upload.wikimedia.org/wikipedia/commons/a/aa/Cam%C3%AD_dels_Marenys_i_bassa%2C_marjal_de_la_Safor.jpg,2026-07-15,aprobada,
marjal-gandia-06,marjal-gandia-06.jpg,marjal-gandia-06.webp,marjal-gandia-06-thumb.webp,12-marjal-naturaleza,marjal,Marjal de Gandia,"Marjal de Gandia, humedal protegido de la Safor.","Marjal de Gandia, humedal protegido de la Safor.",4511,3071,JPEG,879220,aa85b6ccec0273532b1a4cef5e6b74e5c9489e9e99ff82c2be09e0539ebdbd51,d1e02247f0c83efb,Joanbanjo,CC BY-SA 4.0,https://creativecommons.org/licenses/by-sa/4.0,Wikimedia Commons,"https://commons.wikimedia.org/wiki/File:Bosquet_a_la_vora_dels_ullals_de_la_marjal,_Gandia,_la_Safor.jpg",https://upload.wikimedia.org/wikipedia/commons/8/82/Bosquet_a_la_vora_dels_ullals_de_la_marjal%2C_Gandia%2C_la_Safor.jpg,2026-07-15,aprobada,
marjal-gandia-07,marjal-gandia-07.jpg,marjal-gandia-07.webp,marjal-gandia-07-thumb.webp,12-marjal-naturaleza,marjal,Marjal de Gandia,"Marjal de Gandia, humedal protegido de la Safor.","Marjal de Gandia, humedal protegido de la Safor.",4490,3071,JPEG,964764,954b4f2488daeb02b531f4492a31a68378ebea55b3ae97dec783a153b5ca0ff9,999ba8f9068ec726,Joanbanjo,CC BY-SA 4.0,https://creativecommons.org/licenses/by-sa/4.0,Wikimedia Commons,https://commons.wikimedia.org/wiki/File:Arbres_dels_voltants_de_l%27ullal_de_l%27Estany_o_Gran.jpg,https://upload.wikimedia.org/wikipedia/commons/f/f8/Arbres_dels_voltants_de_l%27ullal_de_l%27Estany_o_Gran.jpg,2026-07-15,aprobada,
marjal-gandia-08,marjal-gandia-08.jpg,marjal-gandia-08.webp,marjal-gandia-08-thumb.webp,12-marjal-naturaleza,marjal,Marjal de Gandia,"Marjal de Gandia, humedal protegido de la Safor.","Marjal de Gandia, humedal protegido de la Safor.",2988,4608,JPEG,1491070,ef149ae8f7c566d02841c06f5332866b0def15705294ad5c6606fcc05c8e55ce,a48923f11e7f48b6,Joanbanjo,CC BY-SA 4.0,https://creativecommons.org/licenses/by-sa/4.0,Wikimedia Commons,https://commons.wikimedia.org/wiki/File:Branques_de_xop_a_la_marjal_de_Gandia.jpg,https://upload.wikimedia.org/wikipedia/commons/1/17/Branques_de_xop_a_la_marjal_de_Gandia.jpg,2026-07-15,aprobada,
marjal-gandia-09,marjal-gandia-09.jpg,marjal-gandia-09.webp,marjal-gandia-09-thumb.webp,12-marjal-naturaleza,marjal,Marjal de Gandia,"Marjal de Gandia, humedal protegido de la Safor.","Marjal de Gandia, humedal protegido de la Safor.",4466,3071,JPEG,787154,f240876dda00bc0d21279a6590a224c22c8f30a836fe53fcca72b7ac21f14e3c,ecc8eca607b1d859,Joanbanjo,CC BY-SA 4.0,https://creativecommons.org/licenses/by-sa/4.0,Wikimedia Commons,"https://commons.wikimedia.org/wiki/File:Arbre_i_banc_per_l%27ullal_de_l%27Estany,_Gandia.jpg",https://upload.wikimedia.org/wikipedia/commons/8/8b/Arbre_i_banc_per_l%27ullal_de_l%27Estany%2C_Gandia.jpg,2026-07-15,aprobada,
marjal-gandia-10,marjal-gandia-10.jpg,marjal-gandia-10.webp,marjal-gandia-10-thumb.webp,12-marjal-naturaleza,marjal,Marjal de Gandia,"Marjal de Gandia, humedal protegido de la Safor.","Marjal de Gandia, humedal protegido de la Safor.",4490,3034,JPEG,525238,c67bf8a1a2b15e329e2e2652113bdb0cdda42562ebce891fdbbb994f9ab164c7,9c9eca6664863bd1,Joanbanjo,CC BY-SA 4.0,https://creativecommons.org/licenses/by-sa/4.0,Wikimedia Commons,"https://commons.wikimedia.org/wiki/File:Arbres,_estany_i_cany%C3%ADs,_marjal_de_la_Safor.jpg",https://upload.wikimedia.org/wikipedia/commons/5/5f/Arbres%2C_estany_i_cany%C3%ADs%2C_marjal_de_la_Safor.jpg,2026-07-15,aprobada,
gastronomia-gandia-01,gastronomia-gandia-01.jpg,gastronomia-gandia-01.webp,gastronomia-gandia-01-thumb.webp,14-gastronomia,mercado,Gandia,Gandia en Gandia.,Gandia en Gandia.,6000,4000,MPO,345106,76d1f6efc70b45078582b25d673f4b1d519476be85e7962ac97a82901efb659b,d0dadc9dad191326,Enrique Íñiguez Rodríguez (Qoan),CC BY SA 3.0,https://creativecommons.org/licenses/by-sa/3.0,Openverse/wikimedia,https://commons.wikimedia.org/w/index.php?curid=63200575,https://upload.wikimedia.org/wikipedia/commons/a/a0/Gandia._Carrer_dels_Arcs._Mercat_Renaixentista_2.jpg,2026-07-15,aprobada,featured
gastronomia-gandia-02,gastronomia-gandia-02.jpg,gastronomia-gandia-02.webp,gastronomia-gandia-02-thumb.webp,14-gastronomia,mercado,Gandia,Gandia en Gandia.,Gandia en Gandia.,6000,4000,MPO,324616,8bd6c35142f3935866c4eb1e4e4d34c846bfd504116aae83ce1c07ebe0a1b317,d0ca5cde8d199993,Enrique Íñiguez Rodríguez (Qoan),CC BY SA 3.0,https://creativecommons.org/licenses/by-sa/3.0/,Openverse/wikimedia,https://commons.wikimedia.org/w/index.php?curid=63200556,https://upload.wikimedia.org/wikipedia/commons/c/cf/Gandia._Carrer_dels_Arcs._Mercat_Renaixentista_1.jpg,2026-07-15,aprobada,featured
gastronomia-gandia-03,gastronomia-gandia-03.jpg,gastronomia-gandia-03.webp,gastronomia-gandia-03-thumb.webp,14-gastronomia,mercado,Gandia,Gandia en Gandia.,Gandia en Gandia.,5960,3938,MPO,396610,3a34c3933e4390544790ddca1f9c3a8b7f47a9ed2b461d4345ec55ac76292ce0,d0d6dd9f8b02664c,Enrique Íñiguez Rodríguez (Qoan),CC BY SA 3.0,https://creativecommons.org/licenses/by-sa/3.0/,Openverse/wikimedia,https://commons.wikimedia.org/w/index.php?curid=63200601,https://upload.wikimedia.org/wikipedia/commons/2/2c/Gandia._Carrer_dels_Arcs._Mercat_Renaixentista_3.jpg,2026-07-15,aprobada,featured
fiestas-gandia-01,fiestas-gandia-01.jpg,fiestas-gandia-01.webp,fiestas-gandia-01-thumb.webp,15-fiestas-cultura,fallas,Gandia,Gandia en Gandia.,Gandia en Gandia.,5712,4284,JPEG,676108,7bc4a692ab0ee4ca47bbae7c7bcd9eaca86132e78a70bd44ddfcec20adfe281e,857f9ba88d892aa5,19Tarrestnom65,CC BY SA 4.0,https://creativecommons.org/licenses/by-sa/4.0/,Openverse/wikimedia,https://commons.wikimedia.org/w/index.php?curid=184762488,https://upload.wikimedia.org/wikipedia/commons/d/d8/Casal_Falla_Poetes_An%C3%B2nims-Real_de_Gandia_02.jpg,2026-07-15,aprobada,featured
fiestas-gandia-02,fiestas-gandia-02.jpg,fiestas-gandia-02.webp,fiestas-gandia-02-thumb.webp,15-fiestas-cultura,fallas,Gandia,Gandia en Gandia.,Gandia en Gandia.,5712,4284,JPEG,548654,3e13f6112efbc393b7d4e59e6bdb2d87e4146127272f378aee082cc4b3f826f7,e12e3eadb82692b2,19Tarrestnom65,CC BY SA 4.0,https://creativecommons.org/licenses/by-sa/4.0/,Openverse/wikimedia,https://commons.wikimedia.org/w/index.php?curid=184762489,https://upload.wikimedia.org/wikipedia/commons/1/1d/Casal_Falla_Poetes_An%C3%B2nims-Real_de_Gandia_01.jpg,2026-07-15,aprobada,featured
fiestas-gandia-03,fiestas-gandia-03.jpg,fiestas-gandia-03.webp,fiestas-gandia-03-thumb.webp,15-fiestas-cultura,fallas,Gandia,Gandia en Gandia.,Gandia en Gandia.,4032,3024,JPEG,393966,f42c060472319e607382fa23c27a86f399f4502c1cfe7b6ce1544aec201ef046,bd6588e9699c3394,B25es,CC BY SA 4.0,https://creativecommons.org/licenses/by-sa/4.0/,Openverse/wikimedia,https://commons.wikimedia.org/w/index.php?curid=184765768,https://upload.wikimedia.org/wikipedia/commons/6/68/Casal_falla_Poetes_An%C3%B2nims-Real_de_Gandia_4548.jpg,2026-07-15,aprobada,
fiestas-gandia-04,fiestas-gandia-04.jpg,fiestas-gandia-04.webp,fiestas-gandia-04-thumb.webp,15-fiestas-cultura,fallas,Gandia,Gandia en Gandia.,Gandia en Gandia.,3888,2592,JPEG,134314,91be66aa4f8c5b5b4e014bb2792e777eb449034f69210595393f71f42a93c814,d0fc3861339e0f5c,Museo fallero de gandia,CC BY SA 4.0,https://creativecommons.org/licenses/by-sa/4.0/,Openverse/wikimedia,https://commons.wikimedia.org/w/index.php?curid=62423402,https://upload.wikimedia.org/wikipedia/commons/b/ba/Ninot_museo_fallero_de_gandia.jpg,2026-07-15,aprobada,
gandia-historica-01,gandia-historica-01.jpg,gandia-historica-01.webp,gandia-historica-01-thumb.webp,16-historicas,historica,Gandia,Fotografía histórica de Gandia.,Fotografía histórica de Gandia.,1703,2482,JPEG,824626,8e0d2ea106a0134d9b1109d2fe518309b0868ddfc2b34d25c9c96f3d059ec2a3,b9ccce7920cf30d8,mfapanoramico,CC BY 3.0,https://creativecommons.org/licenses/by/3.0,Wikimedia Commons,"https://commons.wikimedia.org/wiki/File:Colegiata,_postguerra_-_panoramio.jpg",https://upload.wikimedia.org/wikipedia/commons/d/d6/Colegiata%2C_postguerra_-_panoramio.jpg,2026-07-15,aprobada,
gandia-historica-02,gandia-historica-02.jpg,gandia-historica-02.webp,gandia-historica-02-thumb.webp,16-historicas,historica,Gandia,Fotografía histórica de Gandia.,Fotografía histórica de Gandia.,1693,2336,JPEG,853726,d1a4130db6088f5049262f3af9f70a66a7e5b88985ff906cd92f282ff58609e7,f9afda58a460a299,mfapanoramico,CC BY 3.0,https://creativecommons.org/licenses/by/3.0,Wikimedia Commons,"https://commons.wikimedia.org/wiki/File:Gandia,_Avenida_de_alicante_-_panoramio.jpg",https://upload.wikimedia.org/wikipedia/commons/5/5d/Gandia%2C_Avenida_de_alicante_-_panoramio.jpg,2026-07-15,aprobada,
gandia-historica-03,gandia-historica-03.jpg,gandia-historica-03.webp,gandia-historica-03-thumb.webp,16-historicas,historica,Gandia,Fotografía histórica de Gandia.,Fotografía histórica de Gandia.,2426,1610,JPEG,658110,a6ce586d26e8147889c92e80d94872939cd8576859764490bde6750d7677185b,ffbc90c04a45c727,mfapanoramico,CC BY 3.0,https://creativecommons.org/licenses/by/3.0,Wikimedia Commons,https://commons.wikimedia.org/wiki/File:L%27alqueria_del_duc_-_panoramio.jpg,https://upload.wikimedia.org/wikipedia/commons/f/f0/L%27alqueria_del_duc_-_panoramio.jpg,2026-07-15,aprobada,featured
gandia-historica-04,gandia-historica-04.jpg,gandia-historica-04.webp,gandia-historica-04-thumb.webp,16-historicas,historica,Gandia,Fotografía histórica de Gandia.,Fotografía histórica de Gandia.,2070,1886,JPEG,527660,254d4d8291c76e9bd1158c7fdbe062a60678917a42b63e2cda0ca2cdf7d92600,958582c26ef5638f,mfapanoramico,CC BY 3.0,https://creativecommons.org/licenses/by/3.0,Wikimedia Commons,https://commons.wikimedia.org/wiki/File:Pla%C3%A7a_del_seg%C3%B3_-_panoramio.jpg,https://upload.wikimedia.org/wikipedia/commons/4/4e/Pla%C3%A7a_del_seg%C3%B3_-_panoramio.jpg,2026-07-15,aprobada,
gandia-historica-05,gandia-historica-05.jpg,gandia-historica-05.webp,gandia-historica-05-thumb.webp,16-historicas,historica,Gandia,Fotografía histórica de Gandia.,Fotografía histórica de Gandia.,2210,1611,JPEG,484004,feb0362db58a0c5926244e1a468498fef7aae520294a94872e9bcdc296a6268e,f272bf28d42a8b85,mfapanoramico,CC BY 3.0,https://creativecommons.org/licenses/by/3.0,Wikimedia Commons,https://commons.wikimedia.org/wiki/File:Taller_de_bicicletas_-_panoramio.jpg,https://upload.wikimedia.org/wikipedia/commons/7/74/Taller_de_bicicletas_-_panoramio.jpg,2026-07-15,aprobada,
gandia-historica-06,gandia-historica-06.jpg,gandia-historica-06.webp,gandia-historica-06-thumb.webp,16-historicas,historica,Gandia,Fotografía histórica de Gandia.,Fotografía histórica de Gandia.,2260,1529,JPEG,378362,196f48a1e3dc7899db2bd5ef0db74936a95b40895f79f44df03f283d06517d0c,99f0e20b96cefa05,mfapanoramico,CC BY 3.0,https://creativecommons.org/licenses/by/3.0,Wikimedia Commons,https://commons.wikimedia.org/wiki/File:Entrada_a_la_calle_mayor_actualmente_donde_esta_pinto_moda_-_panoramio.jpg,https://upload.wikimedia.org/wikipedia/commons/0/00/Entrada_a_la_calle_mayor_actualmente_donde_esta_pinto_moda_-_panoramio.jpg,2026-07-15,aprobada,
gandia-historica-07,gandia-historica-07.jpg,gandia-historica-07.webp,gandia-historica-07-thumb.webp,16-historicas,historica,Gandia,Fotografía histórica de Gandia.,Fotografía histórica de Gandia.,1539,2180,JPEG,368342,b20bb3975571cdc18c382d4bf998570da3a165b8f49a146525208c3e9a6f24c8,c3d00f8e9e6dc9c8,mfapanoramico,CC BY 3.0,https://creativecommons.org/licenses/by/3.0,Wikimedia Commons,https://commons.wikimedia.org/wiki/File:Desde_el_campanario_de_la_colegiata_de_gandia_-_panoramio.jpg,https://upload.wikimedia.org/wikipedia/commons/8/84/Desde_el_campanario_de_la_colegiata_de_gandia_-_panoramio.jpg,2026-07-15,aprobada,
gandia-historica-08,gandia-historica-08.jpg,gandia-historica-08.webp,gandia-historica-08-thumb.webp,16-historicas,historica,Gandia,Fotografía histórica de Gandia.,Fotografía histórica de Gandia.,2181,1532,JPEG,418176,71ace63b90bdb0c20880eb91d879847e5c4b90a125d7310498c32beecf9679dc,ab50ecebd23aa183,mfapanoramico,CC BY 3.0,https://creativecommons.org/licenses/by/3.0,Wikimedia Commons,https://commons.wikimedia.org/wiki/File:Paseo_altura_instituto_-_panoramio.jpg,https://upload.wikimedia.org/wikipedia/commons/f/f6/Paseo_altura_instituto_-_panoramio.jpg,2026-07-15,aprobada,
gandia-historica-09,gandia-historica-09.jpg,gandia-historica-09.webp,gandia-historica-09-thumb.webp,16-historicas,historica,Gandia,Fotografía histórica de Gandia.,Fotografía histórica de Gandia.,2117,1484,JPEG,437482,8e34c799f6278ea1dbb6f3662ca634c338ecad9766e81a13a78e06cbfc433d3f,d660aed6a09d682f,mfapanoramico,CC BY 3.0,https://creativecommons.org/licenses/by/3.0,Wikimedia Commons,"https://commons.wikimedia.org/wiki/File:Plaza_de_toros,_Gandia_-_panoramio.jpg",https://upload.wikimedia.org/wikipedia/commons/d/d4/Plaza_de_toros%2C_Gandia_-_panoramio.jpg,2026-07-15,aprobada,
gandia-historica-10,gandia-historica-10.jpg,gandia-historica-10.webp,gandia-historica-10-thumb.webp,16-historicas,historica,Gandia,Fotografía histórica de Gandia.,Fotografía histórica de Gandia.,1758,1190,JPEG,200282,c1116c21e8468a42951bf82dc73b04b1c1652a76efda0b4bd607f99bf0b950f0,c2c29c37b4bce42d,mfapanoramico,CC BY 3.0,https://creativecommons.org/licenses/by/3.0,Wikimedia Commons,"https://commons.wikimedia.org/wiki/File:Pla%C3%A7a_rei_jaume_1,_en_1931_-_panoramio.jpg",https://upload.wikimedia.org/wikipedia/commons/9/94/Pla%C3%A7a_rei_jaume_1%2C_en_1931_-_panoramio.jpg,2026-07-15,aprobada,
gandia-panoramica-01,gandia-panoramica-01.jpg,gandia-panoramica-01.webp,gandia-panoramica-01-thumb.webp,17-aereas-panoramicas,panoramica,Gandia,Gandia en Gandia.,Gandia en Gandia.,4563,3072,JPEG,244740,42ee96230bd2193bc0bac071e7dec645c1027c8dcca3be2034772eb187f1c262,a28c5359b8f7447a,Joanbanjo,CC BY SA 4.0,https://creativecommons.org/licenses/by-sa/4.0/,Openverse/wikimedia,https://commons.wikimedia.org/w/index.php?curid=89110594,https://upload.wikimedia.org/wikipedia/commons/9/98/Vista_de_la_passarel%C2%B7la_del_passeig_de_les_Germanies_des_del_palau_ducal%2C_Gandia.jpg,2026-07-15,aprobada,featured
gandia-panoramica-02,gandia-panoramica-02.jpg,gandia-panoramica-02.webp,gandia-panoramica-02-thumb.webp,17-aereas-panoramicas,panoramica,Gandia,Gandia en Gandia.,Gandia en Gandia.,4563,3071,JPEG,305232,8b0ef8ecc42232cef7333c0f2bbf75403d17dafaab2d61c03b1e8c8053c617ba,d83669d6914663bc,Joanbanjo,CC BY SA 4.0,https://creativecommons.org/licenses/by-sa/4.0/,Openverse/wikimedia,https://commons.wikimedia.org/w/index.php?curid=53387090,https://upload.wikimedia.org/wikipedia/commons/a/a9/Vista_cap_al_jard%C3%AD%2C_esgl%C3%A9sia_de_sant_Nicolau%2C_Grau_de_Gandia.jpg,2026-07-15,aprobada,
gandia-panoramica-03,gandia-panoramica-03.jpg,gandia-panoramica-03.webp,gandia-panoramica-03-thumb.webp,17-aereas-panoramicas,panoramica,Gandia,Gandia en Gandia.,Gandia en Gandia.,4563,3055,JPEG,393902,61489c7cdeabfe2c99cfb81b3118f93a7727d0c4d9bbe312c8b975948ebcdf29,d488b7c3483c23bf,Joanbanjo,CC BY SA 4.0,https://creativecommons.org/licenses/by-sa/4.0/,Openverse/wikimedia,https://commons.wikimedia.org/w/index.php?curid=66256075,https://upload.wikimedia.org/wikipedia/commons/f/f5/Vista_del_Serpis_des_del_pont_del_pol%C3%ADgon_de_Rafalca%C3%AFd%2C_Gandia.jpg,2026-07-15,aprobada,
gandia-panoramica-04,gandia-panoramica-04.jpg,gandia-panoramica-04.webp,gandia-panoramica-04-thumb.webp,17-aereas-panoramicas,panoramica,Gandia,Gandia en Gandia.,Gandia en Gandia.,4531,3071,JPEG,587896,8bb49c152542ef91c336f836f1d976cca8600ccc3b1769c7223be0d13df77b69,9a88d43539db6574,Joanbanjo,CC BY SA 4.0,https://creativecommons.org/licenses/by-sa/4.0/,Openverse/wikimedia,https://commons.wikimedia.org/w/index.php?curid=43851249,https://upload.wikimedia.org/wikipedia/commons/8/85/Vista_de_la_torre_dels_Pares_amb_Gandia_i_el_Mond%C3%BAber_al_fons.JPG,2026-07-15,aprobada,
gandia-panoramica-05,gandia-panoramica-05.jpg,gandia-panoramica-05.webp,gandia-panoramica-05-thumb.webp,17-aereas-panoramicas,panoramica,Gandia,Gandia en Gandia.,Gandia en Gandia.,4543,3043,JPEG,246684,429f86218c6b7b6ecefa3bacd80dc618682a9af072863780df42294419a5bc00,80ff7b0017f04a3f,Joanbanjo,CC BY SA 4.0,https://creativecommons.org/licenses/by-sa/4.0/,Openverse/wikimedia,https://commons.wikimedia.org/w/index.php?curid=53388136,https://upload.wikimedia.org/wikipedia/commons/9/92/Vista_del_port_des_de_l%27esgl%C3%A9sia_de_sant_Nicolau%2C_Grau_de_Gandia.jpg,2026-07-15,aprobada,
gandia-panoramica-06,gandia-panoramica-06.jpg,gandia-panoramica-06.webp,gandia-panoramica-06-thumb.webp,17-aereas-panoramicas,panoramica,Gandia,Gandia en Gandia.,Gandia en Gandia.,4486,3072,JPEG,306246,e022f608ecf56f7c40b4aa4065bb0fcac76461da4218b1e6b369c6c6bc34ec4b,a78b44cad2e52567,Joanbanjo,CC BY SA 4.0,https://creativecommons.org/licenses/by-sa/4.0/,Openverse/wikimedia,https://commons.wikimedia.org/w/index.php?curid=124935218,https://upload.wikimedia.org/wikipedia/commons/9/99/Porta_del_sal%C3%B3_de_la_Sagrada_Fam%C3%ADlia_i_vista_del_sal%C3%B3_de_la_Glorificaci%C3%B3%2C_palau_ducal_de_Gandia.jpg,2026-07-15,aprobada,
gandia-panoramica-07,gandia-panoramica-07.jpg,gandia-panoramica-07.webp,gandia-panoramica-07-thumb.webp,17-aereas-panoramicas,panoramica,Gandia,Gandia en Gandia.,Gandia en Gandia.,4495,3050,JPEG,416606,ef7194fe1d8e7a48693f1c95ab9b812ca8ae60c3e7cfdf10101fcb643c8c01c1,82efcd2c72c2ac3c,Joanbanjo,CC BY SA 4.0,https://creativecommons.org/licenses/by-sa/4.0/,Openverse/wikimedia,https://commons.wikimedia.org/w/index.php?curid=66950797,https://upload.wikimedia.org/wikipedia/commons/f/f5/Vista_cap_a_Gandia_i_el_riu_des_del_parc_d%27Ausi%C3%A0s_March.jpg,2026-07-15,aprobada,
gandia-panoramica-08,gandia-panoramica-08.jpg,gandia-panoramica-08.webp,gandia-panoramica-08-thumb.webp,17-aereas-panoramicas,panoramica,Gandia,Gandia en Gandia.,Gandia en Gandia.,4555,3002,JPEG,241234,802a4d6794dc2df33ef570675b46980c6dfa60f51bf930df080dccd2c7496da8,919596b0be38b83b,Joanbanjo,CC BY SA 4.0,https://creativecommons.org/licenses/by-sa/4.0/,Openverse/wikimedia,https://commons.wikimedia.org/w/index.php?curid=37548345,https://upload.wikimedia.org/wikipedia/commons/f/fe/Vista_cap_a_la_nau_lateral%2C_esgl%C3%A9sia_de_sant_Roc_de_Gandia.JPG,2026-07-15,aprobada,
gandia-panoramica-09,gandia-panoramica-09.jpg,gandia-panoramica-09.webp,gandia-panoramica-09-thumb.webp,17-aereas-panoramicas,panoramica,Gandia,Gandia en Gandia.,Gandia en Gandia.,4495,3038,JPEG,802318,8758a48d2dc312db25fd003f717feb95299242a312dbbff40ea27e7c725aa0f8,8e29e590815d3f7c,Joanbanjo,CC BY SA 4.0,https://creativecommons.org/licenses/by-sa/4.0/,Openverse/wikimedia,https://commons.wikimedia.org/w/index.php?curid=62791698,https://upload.wikimedia.org/wikipedia/commons/0/08/Vista_del_Serpis_des_del_pont_del_Raval%2C_Gandia.jpg,2026-07-15,aprobada,
gandia-panoramica-10,gandia-panoramica-10.jpg,gandia-panoramica-10.webp,gandia-panoramica-10-thumb.webp,17-aereas-panoramicas,panoramica,Gandia,Gandia en Gandia.,Gandia en Gandia.,4447,3064,JPEG,141200,ba5e8c6a1506ab672213bb1a98575c43a4d356c6ec69f14c8e0069c024bcab37,f9c716f8c50572a8,Joanbanjo,CC BY SA 4.0,https://creativecommons.org/licenses/by-sa/4.0/,Openverse/wikimedia,https://commons.wikimedia.org/w/index.php?curid=89110690,https://upload.wikimedia.org/wikipedia/commons/7/7f/Vista_de_l%27esgl%C3%A9sia_de_sant_Josep_des_de_l%27altra_banda_del_riu%2C_Gandia.jpg,2026-07-15,aprobada,
gandia-panoramica-11,gandia-panoramica-11.jpg,gandia-panoramica-11.webp,gandia-panoramica-11-thumb.webp,17-aereas-panoramicas,panoramica,Gandia,Gandia en Gandia.,Gandia en Gandia.,4462,3039,JPEG,243084,311fced1868168923a5b3263786b964dcb164be0ab85442633a8414360ea22da,89c2775b09c2763b,Joanbanjo,CC BY SA 4.0,https://creativecommons.org/licenses/by-sa/4.0/,Openverse/wikimedia,https://commons.wikimedia.org/w/index.php?curid=53388205,https://upload.wikimedia.org/wikipedia/commons/a/a9/Vista_cap_al_club_n%C3%A0utic%2C_port_del_Grau_de_Gandia.jpg,2026-07-15,aprobada,
gandia-panoramica-12,gandia-panoramica-12.jpg,gandia-panoramica-12.webp,gandia-panoramica-12-thumb.webp,17-aereas-panoramicas,panoramica,Gandia,Gandia en Gandia.,Gandia en Gandia.,4463,3034,JPEG,406874,099cc2969dd4c8051eb403847af8a37d0b621eea495db02eff4b68bd6acef73a,80dde13a5ccda5e2,Joanbanjo,CC BY SA 4.0,https://creativecommons.org/licenses/by-sa/4.0/,Openverse/wikimedia,https://commons.wikimedia.org/w/index.php?curid=62783769,https://upload.wikimedia.org/wikipedia/commons/d/d0/Pont_vell_d%27Oliva_de_Gandia%2C_vista.jpg,2026-07-15,aprobada,
